TaskID,FatherTID,FatherStartTime,ChildTID
60A25710DCADD83D,5197A0A956D2A843,1914801612786233,FA85F14DB2107EC6
60A25710DCADD83D,027C67AD98B52B7B,1914801605247000,5197A0A956D2A843
60A25710DCADD83D,5197A0A956D2A843,1914801632769001,0C67D4CA2652063C
60A25710DCADD83D,5197A0A956D2A843,1914801694279658,2B95F0DF8B06C64A
EC0934E44D567988,4AB4F3BAADDDB520,1909389154878984,BF15718F1A22FBFB
EC0934E44D567988,0A924D0D64909045,1909389147083755,4AB4F3BAADDDB520
EC0934E44D567988,4AB4F3BAADDDB520,1909389170629881,AEEA67FE2EBF86C1
EC0934E44D567988,4AB4F3BAADDDB520,1909389224408199,78233E61D516A630
60A25710DCADD83D,5197A0A956D2A843,1914870804719637,C845FD4FBD8124C4
60A25710DCADD83D,5197A0A956D2A843,1914870807961071,857EC28560E003B1
C79215750166A89B,9DEBFEC55767CEBD,3715214335543636,2651D9441DB0AA91
C79215750166A89B,0A39B8D933FE4D35,3715214327657858,9DEBFEC55767CEBD
C79215750166A89B,9DEBFEC55767CEBD,3715214353344035,4B92499958062C91
C79215750166A89B,9DEBFEC55767CEBD,3715214372473927,90C1D5BF62DDBC75
E89F13B157819550,DB20D0BD744943E8,529193918087055,AD0BB14B8F8B7D7C
E89F13B157819550,53705B392683124A,529193910078013,DB20D0BD744943E8
E89F13B157819550,DB20D0BD744943E8,529193935077783,3963D14570A80144
E89F13B157819550,DB20D0BD744943E8,529193943658532,43990FBD16006DCE
84D10D4FFF458311,F34612DAB508B5A7,3715928109143465,89A84251BE1BCD01
84D10D4FFF458311,0FF5A137B35AB24F,3715928101144390,F34612DAB508B5A7
84D10D4FFF458311,F34612DAB508B5A7,3715928125152412,7C69B2D8DFAFF475
84D10D4FFF458311,F34612DAB508B5A7,3715928132153284,8F1A015BB3DF33DD
EC0934E44D567988,4AB4F3BAADDDB520,1909458347160689,D933D8554FBB5C65
EC0934E44D567988,4AB4F3BAADDDB520,1909458350525224,1B6A2AC94EBAC016
298FC1CDCCEEDED6,B238D1E3B5297E72,1909369761724725,CDB7ED8DBF038F05
298FC1CDCCEEDED6,FCAB236E122FECCD,1909369753462682,B238D1E3B5297E72
298FC1CDCCEEDED6,B238D1E3B5297E72,1909369777637884,74B229CA3DDAF90A
298FC1CDCCEEDED6,B238D1E3B5297E72,1909369839121543,697DDC86D00B771B
41B2108FACC73EB0,69F5A187D1B2C9DE,3713134353795743,0D1E36AAC1EFBEEB
41B2108FACC73EB0,E66E6B1030CDFE53,3713134346197321,69F5A187D1B2C9DE
41B2108FACC73EB0,69F5A187D1B2C9DE,3713134372466494,DC2AC6511867CF70
41B2108FACC73EB0,69F5A187D1B2C9DE,3713134422178899,E6EF2F2A3A14869A
60A25710DCADD83D,5197A0A956D2A843,1914939883945323,A348FAD0E3D773FF
60A25710DCADD83D,5197A0A956D2A843,1914939886233418,0CE4B0A6227ED2C7
40A9D96A495F19EF,374B1516AF12F32A,3714841125428371,BB6C2CCDF72816AF
40A9D96A495F19EF,DB454D8F427F1662,3714841117587608,374B1516AF12F32A
40A9D96A495F19EF,374B1516AF12F32A,3714841149366173,38A16335E1DEDBA9
40A9D96A495F19EF,374B1516AF12F32A,3714841212774636,91E21DF4B136A52F
20559753A572AA92,BE1B9A0DF662C212,1909666454782918,EAB2EF5F0464E76A
20559753A572AA92,22371DC6DD648309,1909666446753413,BE1B9A0DF662C212
20559753A572AA92,BE1B9A0DF662C212,1909666470548086,2D500691B0381394
20559753A572AA92,BE1B9A0DF662C212,1909666490341522,F06689A8E29AADAD
C79215750166A89B,9DEBFEC55767CEBD,3715283483308217,B3AC9F765C6A6BEB
C79215750166A89B,9DEBFEC55767CEBD,3715283486750121,227F7A2219EDF7B7
E89F13B157819550,DB20D0BD744943E8,529263065302355,24A429927D5484D2
E89F13B157819550,DB20D0BD744943E8,529263070940316,DA67AAC55F448533
84D10D4FFF458311,F34612DAB508B5A7,3715997247589533,DD01A51075FA2351
84D10D4FFF458311,F34612DAB508B5A7,3715997250319881,871DA6E23718A1FE
EC0934E44D567988,4AB4F3BAADDDB520,1909527402159523,AE067F2826CC5D22
EC0934E44D567988,4AB4F3BAADDDB520,1909527405674707,5D3561E8B8A9A8FE
298FC1CDCCEEDED6,B238D1E3B5297E72,1909438948448676,7AE183FD4CA6434B
298FC1CDCCEEDED6,B238D1E3B5297E72,1909438951661778,553F85EDE6EAE8CE
41B2108FACC73EB0,69F5A187D1B2C9DE,3713134426584222,5E3DBEDDC2CAACA3
41B2108FACC73EB0,69F5A187D1B2C9DE,3713200520515005,7E9549B734532DD0
41B2108FACC73EB0,69F5A187D1B2C9DE,3713200524169918,3CE41867A3CC76EC
DEB88BF08C5952FF,0A801C42404ADC10,3715858204263552,9CF7EE475613F462
DEB88BF08C5952FF,318A019B8160835A,3715858196261892,0A801C42404ADC10
DEB88BF08C5952FF,0A801C42404ADC10,3715858220610648,1A89E863EBB904FB
DEB88BF08C5952FF,0A801C42404ADC10,3715858253576461,AD3592BEDEE45BEF
4B163E84EB80C5D4,4AB341915F50AA31,529565340991028,B5459C4C6756082B
4B163E84EB80C5D4,681F36A2DC944CDD,529565333366372,4AB341915F50AA31
4B163E84EB80C5D4,4AB341915F50AA31,529565359542549,603690DDB1D47F17
4B163E84EB80C5D4,4AB341915F50AA31,529565390101518,77E2BF2AF219473B
F43B6F5EE3110845,B9DF3AFCA9E2C0E2,3716129816766806,BDF41D31A372E82B
F43B6F5EE3110845,D0A8A3CCB8E87291,3716129808967684,B9DF3AFCA9E2C0E2
F43B6F5EE3110845,B9DF3AFCA9E2C0E2,3716129832186063,6AFC2B83DBBC1431
F43B6F5EE3110845,B9DF3AFCA9E2C0E2,3716129839012702,7D9E0F40329594C7
60A25710DCADD83D,5197A0A956D2A843,1915008926447912,7B78C6FF280C1E05
60A25710DCADD83D,5197A0A956D2A843,1915008929227633,8CE2D7FD5E29412E
40A9D96A495F19EF,374B1516AF12F32A,3714910312239310,7D488866DB81D5DA
40A9D96A495F19EF,374B1516AF12F32A,3714910314837812,3CE160E2351B4CB5
3B19DB4DB9EB6E21,E44162B9EA0781B2,1175885892126,DB8387728FE68127
3B19DB4DB9EB6E21,23AE945202997732,1175856790181,E44162B9EA0781B2
3B19DB4DB9EB6E21,E44162B9EA0781B2,1175948413695,6B21B2D9A8EBC132
3B19DB4DB9EB6E21,E44162B9EA0781B2,1175977776527,B30CB9B40E22C521
20559753A572AA92,BE1B9A0DF662C212,1909735600651723,15A196A5CC5162F9
20559753A572AA92,BE1B9A0DF662C212,1909735603037572,DA011F2159530080
C79215750166A89B,9DEBFEC55767CEBD,3715352561709145,3F613FCE2BC42DD0
C79215750166A89B,9DEBFEC55767CEBD,3715352563830548,8153C6EF5E465299
E89F13B157819550,DB20D0BD744943E8,529332151021175,D3B37A72D897C612
E89F13B157819550,DB20D0BD744943E8,529332155549968,DE918DE0317E1B4C
84D10D4FFF458311,F34612DAB508B5A7,3715997253159007,8992BA8B47BF12DD
84D10D4FFF458311,F34612DAB508B5A7,3716063298910873,DB8A991978B4F15E
84D10D4FFF458311,F34612DAB508B5A7,3716063301285208,114C40CF7A9FB1D2
EC0934E44D567988,4AB4F3BAADDDB520,1909527408282837,65C89FEF896904C9
EC0934E44D567988,4AB4F3BAADDDB520,1909593435546548,281E94D45159F48B
EC0934E44D567988,4AB4F3BAADDDB520,1909593439456540,4A8850C531703E53
298FC1CDCCEEDED6,B238D1E3B5297E72,1909507982261197,26B7B8AA3AF2BC5A
298FC1CDCCEEDED6,B238D1E3B5297E72,1909507984546307,2353D0835142269E
41B2108FACC73EB0,69F5A187D1B2C9DE,3713269600438411,0EDE7DE74A7B8269
41B2108FACC73EB0,69F5A187D1B2C9DE,3713269603338900,1708657178EDDA14
DEB88BF08C5952FF,0A801C42404ADC10,3715927376180722,AF677ED4BEEF5EC0
DEB88BF08C5952FF,0A801C42404ADC10,3715927378907010,A7DB020AB4421B97
4B163E84EB80C5D4,4AB341915F50AA31,529565395684352,144780E8CD255F97
4B163E84EB80C5D4,4AB341915F50AA31,529631529170676,02D04DF92703259E
4B163E84EB80C5D4,4AB341915F50AA31,529631536975423,769BC306ADC9CB26
F7F5E349AF6E680E,F5CF59A87B73C403,1545216112081093,5000ED1EAAB3F534
F7F5E349AF6E680E,616C77EF12F4C7C2,1545216104431576,F5CF59A87B73C403
F7F5E349AF6E680E,F5CF59A87B73C403,1545216127532593,DF6D0DDB406CFBF6
F7F5E349AF6E680E,F5CF59A87B73C403,1545216159441519,001D303C02C39B15
F43B6F5EE3110845,B9DF3AFCA9E2C0E2,3716198941530584,E6DD290CE0BAC108
F43B6F5EE3110845,B9DF3AFCA9E2C0E2,3716198944596052,AFBCF85805575228
60A25710DCADD83D,5197A0A956D2A843,1915078004731095,5EC34FFC74C1DA9D
60A25710DCADD83D,0000000000000000,0,027C67AD98B52B7B
40A9D96A495F19EF,374B1516AF12F32A,3714979357264183,2240DB3EE7372935
40A9D96A495F19EF,374B1516AF12F32A,3714979359513757,F525DF4E717E7B1E
5C896B0BF1FE9404,A03CB769DC011EFD,1909825167427721,C174A268FDE69E6D
5C896B0BF1FE9404,25084138EFF7EB85,1909825159844270,A03CB769DC011EFD
5C896B0BF1FE9404,A03CB769DC011EFD,1909825182778724,CAB3C5D2A7F98F82
5C896B0BF1FE9404,A03CB769DC011EFD,1909825205396017,E0836F15E80FE8A3
3B19DB4DB9EB6E21,E44162B9EA0781B2,1245117942694,36ACFA4EE05FCFDD
3B19DB4DB9EB6E21,E44162B9EA0781B2,1245123235486,E17F47D989BAF57A
20559753A572AA92,BE1B9A0DF662C212,1909804646632951,0633AFC15AB84291
20559753A572AA92,BE1B9A0DF662C212,1909804651184162,F80F492B6AEC9728
B4D1C2D3BA15AEF2,796656E81E28BF8D,3715436212821353,77669B5B5B8BF3BB
B4D1C2D3BA15AEF2,212831049666BDB4,3715436204899500,796656E81E28BF8D
B4D1C2D3BA15AEF2,796656E81E28BF8D,3715436228069537,1ECFD53FC6F9F296
B4D1C2D3BA15AEF2,796656E81E28BF8D,3715436276210938,66CA500CF2AA3449
4149E6BCE38E8D13,271117B2E42F7BA1,1909622001275338,424BF2D0AC91DE2C
4149E6BCE38E8D13,D6AB92E28181E6A5,1909621993495578,271117B2E42F7BA1
4149E6BCE38E8D13,271117B2E42F7BA1,1909622017392277,AF71FCD87C9A3AA3
4149E6BCE38E8D13,271117B2E42F7BA1,1909622054050394,6DD85F22057625E3
C79215750166A89B,9DEBFEC55767CEBD,3715421604351974,FB55C6BD0F9C826C
C79215750166A89B,9DEBFEC55767CEBD,3715421606931347,045B7FBB5496AC49
E89F13B157819550,DB20D0BD744943E8,529401240333869,6D06C5DA91A1B02C
E89F13B157819550,DB20D0BD744943E8,529401244900189,3589B5252E8D6BC7
84D10D4FFF458311,F34612DAB508B5A7,3716132351582463,C59595B70F465F3E
84D10D4FFF458311,F34612DAB508B5A7,3716132354642314,A853F9D3AB0FF75F
EC0934E44D567988,4AB4F3BAADDDB520,1909662481621721,17AC9D91FD2FEC6F
EC0934E44D567988,0000000000000000,0,0A924D0D64909045
298FC1CDCCEEDED6,B238D1E3B5297E72,1909577062581372,F4B53F0383E0E1DB
298FC1CDCCEEDED6,B238D1E3B5297E72,1909577066441756,A855F43448C3DAC0
41B2108FACC73EB0,69F5A187D1B2C9DE,3713338619833572,2CB84F0EF60A7067
41B2108FACC73EB0,69F5A187D1B2C9DE,3713338622410373,53CE58A12BC847B9
DEB88BF08C5952FF,0A801C42404ADC10,3715996400271451,A74FC54628C8B834
DEB88BF08C5952FF,0A801C42404ADC10,3715996401777291,39F7C8F90CEBD7CA
4B163E84EB80C5D4,4AB341915F50AA31,529700599293847,5B671ED50B63001F
4B163E84EB80C5D4,4AB341915F50AA31,529700602187152,E232B684A8A38A29
F7F5E349AF6E680E,F5CF59A87B73C403,1545285269934983,96E1C4A0040B2F2D
F7F5E349AF6E680E,F5CF59A87B73C403,1545285272415284,6452D29AD6B3773A
F43B6F5EE3110845,B9DF3AFCA9E2C0E2,3716268013469701,C1748C8C218EA643
F43B6F5EE3110845,B9DF3AFCA9E2C0E2,3716268016458889,FF9EA1210967A197
40A9D96A495F19EF,374B1516AF12F32A,3715048370582450,B18C28EEDB2AE6D5
40A9D96A495F19EF,374B1516AF12F32A,3715048373536994,FC49542ECE023434
5C896B0BF1FE9404,A03CB769DC011EFD,1909894317384520,242B143AF9BF844E
5C896B0BF1FE9404,A03CB769DC011EFD,1909894320241489,C6181C86D6F0F1C0
FD304D8429EFC4F4,468209D2107EC0E8,2474874997032763,C5D4E124DCDDDE17
FD304D8429EFC4F4,9455BEAA07BAF9D6,2474874989241102,468209D2107EC0E8
FD304D8429EFC4F4,468209D2107EC0E8,2474875012601643,23C18714C61DB5AC
FD304D8429EFC4F4,468209D2107EC0E8,2474875073940811,13D15B35B3134E95
3B19DB4DB9EB6E21,E44162B9EA0781B2,1314200372396,F7DA0EE6777EF212
3B19DB4DB9EB6E21,E44162B9EA0781B2,1314202756556,5BAE06080B858CB4
20559753A572AA92,BE1B9A0DF662C212,1909873729605048,BFFB4CD3820B4464
20559753A572AA92,BE1B9A0DF662C212,1909873732352564,4FE5C99F40F46796
5C495C4DA48B3C33,76CB2778E54C4410,3713546528068118,46129B05EDF941D1
5C495C4DA48B3C33,B3D8AC6BF9D96934,3713546520086357,76CB2778E54C4410
5C495C4DA48B3C33,76CB2778E54C4410,3713546544043539,ADC6361ABC2F4290
5C495C4DA48B3C33,76CB2778E54C4410,3713546551018535,C8F0E45F47BC9D83
B4D1C2D3BA15AEF2,796656E81E28BF8D,3715505374865924,9E3E72C071CD918E
B4D1C2D3BA15AEF2,796656E81E28BF8D,3715505380036735,78606E4BC7E2A119
4149E6BCE38E8D13,271117B2E42F7BA1,1909691166815596,1669AC031420E420
4149E6BCE38E8D13,271117B2E42F7BA1,1909691169425130,FC2B1D4BDC65A062
E89F13B157819550,DB20D0BD744943E8,529401248769348,128E4CA8FA00238F
E89F13B157819550,DB20D0BD744943E8,529467289381328,C69EFE8DB14CE45F
E89F13B157819550,0000000000000000,0,53705B392683124A
C79215750166A89B,9DEBFEC55767CEBD,3715490681743890,67B750FB2D896822
C79215750166A89B,0000000000000000,0,0A39B8D933FE4D35
58D0758AA5BCB3D8,358110487285EAAB,1909435571716530,C67930E7C22D880A
58D0758AA5BCB3D8,13A5045FC47DB9B7,1909435562295752,358110487285EAAB
58D0758AA5BCB3D8,358110487285EAAB,1909435590802297,D2E51E18F7785C36
58D0758AA5BCB3D8,358110487285EAAB,1909435625046972,CF148D5EACD18978
84D10D4FFF458311,F34612DAB508B5A7,3716201428910555,88B14E810C8B6F2C
84D10D4FFF458311,0000000000000000,0,0FF5A137B35AB24F
0A9390410066454F,FE17674B1155CFF1,1548664966257473,D51935FAE1ADF1B6
0A9390410066454F,26ABBC3652BA2A6C,1548664958738603,FE17674B1155CFF1
0A9390410066454F,FE17674B1155CFF1,1548664981494537,F9494D2D31DB4511
0A9390410066454F,FE17674B1155CFF1,1548664999562481,61C0223F17ABEC06
7C254856E1059EA7,5983628C257B1A35,445589193381067,2744A7553A6B8335
7C254856E1059EA7,46A76D758F9FE843,445589185329625,5983628C257B1A35
7C254856E1059EA7,5983628C257B1A35,445589209689388,3BEEFD24691B3D62
7C254856E1059EA7,5983628C257B1A35,445589343302682,7250DB4ED957C243
298FC1CDCCEEDED6,B238D1E3B5297E72,1909646123729374,7CB2C6E9D2FDBCD0
298FC1CDCCEEDED6,0000000000000000,0,FCAB236E122FECCD
468D8F1CE464148F,3CBB516756B7A1C6,3715522986689314,8565DA963AF9C665
468D8F1CE464148F,86D290BCB9186942,3715522978826161,3CBB516756B7A1C6
468D8F1CE464148F,3CBB516756B7A1C6,3715523001835999,934BB4CA3FF5D446
468D8F1CE464148F,3CBB516756B7A1C6,3715523009356984,DB4BB69E3840171D
41B2108FACC73EB0,69F5A187D1B2C9DE,3713407675398698,3962835B8E9DCDBC
41B2108FACC73EB0,0000000000000000,0,E66E6B1030CDFE53
DEB88BF08C5952FF,0A801C42404ADC10,3716065424445229,8944A823F4477655
DEB88BF08C5952FF,0A801C42404ADC10,3716065426827082,F70BD3F960CD4155
4B163E84EB80C5D4,4AB341915F50AA31,529769653683558,6FADA8C294D2C2F9
4B163E84EB80C5D4,4AB341915F50AA31,529769658159275,AC060BE02B24682E
F7F5E349AF6E680E,F5CF59A87B73C403,1545354349468136,B18368464CA36A51
F7F5E349AF6E680E,F5CF59A87B73C403,1545354352304891,55CAC44171C6C155
F43B6F5EE3110845,B9DF3AFCA9E2C0E2,3716337094407550,24DBCD532B5082E8
F43B6F5EE3110845,B9DF3AFCA9E2C0E2,3716337097583617,A071CAFE857C4F86
204443AE4D8CFE6F,7F2759027C80776E,1909726385134521,C550C8C70A60FD17
204443AE4D8CFE6F,E002A3BF82AC8917,1909726376863930,7F2759027C80776E
204443AE4D8CFE6F,7F2759027C80776E,1909726400133903,616DDB6359C93079
204443AE4D8CFE6F,7F2759027C80776E,1909726432814617,BC8CF8557CBC6579
FD304D8429EFC4F4,468209D2107EC0E8,2474875079978934,07186D1C795AE7BC
FD304D8429EFC4F4,468209D2107EC0E8,2474941211904259,21FE92A4AB0D6537
FD304D8429EFC4F4,468209D2107EC0E8,2474941217028978,0CEC9CDACD0DFDDD
40A9D96A495F19EF,374B1516AF12F32A,3715117428322171,404ED5935F1D2625
40A9D96A495F19EF,0000000000000000,0,DB454D8F427F1662
5C896B0BF1FE9404,A03CB769DC011EFD,1909963395935311,2978F34B5106D678
5C896B0BF1FE9404,A03CB769DC011EFD,1909963401680897,67A3D98288F00C78
3B19DB4DB9EB6E21,E44162B9EA0781B2,1383261028330,1DB0C6409B6E499A
3B19DB4DB9EB6E21,E44162B9EA0781B2,1383264504020,9D22CD8A60315673
20559753A572AA92,BE1B9A0DF662C212,1909942762800443,AE50F4ED62CEF4C6
20559753A572AA92,0000000000000000,0,22371DC6DD648309
5C495C4DA48B3C33,76CB2778E54C4410,3713615616227387,CF6836DF48C3C3CF
5C495C4DA48B3C33,76CB2778E54C4410,3713615618201644,797E971BBCE6F56E
B4D1C2D3BA15AEF2,796656E81E28BF8D,3715574428548084,F4D0F508D4B1D63C
B4D1C2D3BA15AEF2,796656E81E28BF8D,3715574432631196,662C74F58E4CDD86
4149E6BCE38E8D13,271117B2E42F7BA1,1909760245572482,4B6989090C5F1C30
4149E6BCE38E8D13,271117B2E42F7BA1,1909760247970165,839F2867BBC2FD96
58D0758AA5BCB3D8,358110487285EAAB,1909504694465493,10C28ED9A16A1D34
58D0758AA5BCB3D8,358110487285EAAB,1909504697999296,7DC10D88732E85C0
0A9390410066454F,FE17674B1155CFF1,1548734110620708,E722CF58C7FEF7EF
0A9390410066454F,FE17674B1155CFF1,1548734113691164,E346EEA5A9216834
7C254856E1059EA7,5983628C257B1A35,445658472183167,9F92ABB0E1E7BCB6
7C254856E1059EA7,5983628C257B1A35,445658476710063,3CF23104ABCD4343
E18C3FC08BDE122E,98451D6158B17053,3715150187252820,83BDB3A2E9BF7CA9
E18C3FC08BDE122E,8EC0570F71BD58D5,3715150179264344,98451D6158B17053
E18C3FC08BDE122E,98451D6158B17053,3715150209235145,085E28F9489F59B4
E18C3FC08BDE122E,98451D6158B17053,3715150258511185,658E857D45009F3F
468D8F1CE464148F,3CBB516756B7A1C6,3715592118668371,0EC3C0E801018A75
468D8F1CE464148F,3CBB516756B7A1C6,3715592121940216,CD995214A916EA33
DEB88BF08C5952FF,0A801C42404ADC10,3716134465410550,1E012D56FE51392B
DEB88BF08C5952FF,0000000000000000,0,318A019B8160835A
4B163E84EB80C5D4,4AB341915F50AA31,529838700840702,13D0141AF94734DA
4B163E84EB80C5D4,0000000000000000,0,681F36A2DC944CDD
204443AE4D8CFE6F,7F2759027C80776E,1909726437376231,5664AB29D1BD29A1
204443AE4D8CFE6F,7F2759027C80776E,1909792487030113,A2D3B43851AFA679
204443AE4D8CFE6F,7F2759027C80776E,1909792489707123,7316647DC02C6C8F
F7F5E349AF6E680E,F5CF59A87B73C403,1545423399052277,1CED6693E7284F4D
F7F5E349AF6E680E,F5CF59A87B73C403,1545423401712671,85A9ED38D463AE2E
F43B6F5EE3110845,B9DF3AFCA9E2C0E2,3716406146517240,32862AA8464DE68C
F43B6F5EE3110845,0000000000000000,0,D0A8A3CCB8E87291
0F3FE15B9F8A58FD,4DC5416EE2D4A4B5,3716311225108796,3061A8BC2F32F3C2
0F3FE15B9F8A58FD,69774F3D455EFA3F,3716311217326034,4DC5416EE2D4A4B5
0F3FE15B9F8A58FD,4DC5416EE2D4A4B5,3716311240135312,9E11C6662319F100
0F3FE15B9F8A58FD,4DC5416EE2D4A4B5,3716311296728973,94F77AAAA20B532C
FD304D8429EFC4F4,468209D2107EC0E8,2475010269300094,C3C610D68EC39D34
FD304D8429EFC4F4,468209D2107EC0E8,2475010272344992,1D7647FBDC7B0C14
5C896B0BF1FE9404,A03CB769DC011EFD,1910032436271517,DA309226DEE7D443
5C896B0BF1FE9404,A03CB769DC011EFD,1910032438808931,61FBA0A4530923C9
3B19DB4DB9EB6E21,E44162B9EA0781B2,1452338868601,CE1D15ED3D144513
3B19DB4DB9EB6E21,0000000000000000,0,23AE945202997732
5C495C4DA48B3C33,76CB2778E54C4410,3713684694175926,E73911A4CC561CC5
5C495C4DA48B3C33,76CB2778E54C4410,3713684696747219,19F67B20BE16710E
B4D1C2D3BA15AEF2,796656E81E28BF8D,3715643501819681,44B2154A47F3C8AD
B4D1C2D3BA15AEF2,796656E81E28BF8D,3715643504363586,EFBF1F512345FEFC
4149E6BCE38E8D13,271117B2E42F7BA1,1909829326396615,D5C854162905DD2F
4149E6BCE38E8D13,271117B2E42F7BA1,1909829329107544,901C68B1F95CF044
82EF50B550A4C9FE,4E7BD4E4D438966D,1423615784263884,D88B1DE80CC7DFE5
82EF50B550A4C9FE,6A9B70313FD03C64,1423615776262464,4E7BD4E4D438966D
82EF50B550A4C9FE,4E7BD4E4D438966D,1423615799970476,A1AA6C7EF9980A31
82EF50B550A4C9FE,4E7BD4E4D438966D,1423615827215967,D4A68BCF89C259AF
58D0758AA5BCB3D8,358110487285EAAB,1909573775958476,B9FB5B1E0B15CD0B
58D0758AA5BCB3D8,358110487285EAAB,1909573778032366,E30216E8908EDF1B
DC8C325FF09C652F,C9AFA31C39A64DCF,1910020548738866,FB081C4F2B21AD99
DC8C325FF09C652F,3731A8983BDADDEC,1910020541064822,C9AFA31C39A64DCF
DC8C325FF09C652F,C9AFA31C39A64DCF,1910020563559296,CB999BE486740D62
DC8C325FF09C652F,C9AFA31C39A64DCF,1910020579448229,AA4F63BF76062B57
0A9390410066454F,FE17674B1155CFF1,1548803161160560,82AE82019568A1CC
0A9390410066454F,FE17674B1155CFF1,1548803163165195,CA659C4F34763645
EFA1EEDFF690222E,2D74157E218B24E1,1909835531388520,05650F9E9EB70034
EFA1EEDFF690222E,C3962B38E2E21B06,1909835523645223,2D74157E218B24E1
EFA1EEDFF690222E,2D74157E218B24E1,1909835546561801,5B5611623FFA3C0D
EFA1EEDFF690222E,2D74157E218B24E1,1909835553913481,1B8895673FCD7FAC
7C254856E1059EA7,5983628C257B1A35,445727553920960,03D13B26784ABB51
7C254856E1059EA7,5983628C257B1A35,445727560303044,FB40F8825C913589
6B97C6592A24F34B,4839E5697B584DE9,529758502087807,6A38FAB9E138A3A6
6B97C6592A24F34B,3ED9681E83FCA32F,529758493548574,4839E5697B584DE9
6B97C6592A24F34B,4839E5697B584DE9,529758517839732,B845F757415356AF
6B97C6592A24F34B,4839E5697B584DE9,529758555235857,A4806A7F567633B5
E18C3FC08BDE122E,98451D6158B17053,3715219360717222,2C0D78C8355F92C4
E18C3FC08BDE122E,98451D6158B17053,3715219363145685,73F709574F913912
40537F201F7CD746,D4FA4607E71F0638,3680103596555497,3E3DDC4E07883F6F
40537F201F7CD746,2450021D64858562,3680103588746496,D4FA4607E71F0638
40537F201F7CD746,D4FA4607E71F0638,3680103612490766,76692A6E5BB39FBE
40537F201F7CD746,D4FA4607E71F0638,3680103641615831,EDA2858B3B17523F
15C796ED7EA19182,736F8741A7FA86CC,3676590077967721,72EF8D428482DD9B
15C796ED7EA19182,3E85004FFA3FBF35,3676590070262674,736F8741A7FA86CC
15C796ED7EA19182,736F8741A7FA86CC,3676590093223330,0D776CEB14B8F5DD
15C796ED7EA19182,736F8741A7FA86CC,3676590117520185,A1B31DE479BD3F55
468D8F1CE464148F,3CBB516756B7A1C6,3715661179390211,53D383E2B8CB518B
468D8F1CE464148F,3CBB516756B7A1C6,3715661181623636,0FFC2355CD8F431D
CEA452E12444286E,633FADAEAEBCF3E2,3715834808427919,53F7543A16AC31F7
CEA452E12444286E,5CA6FA8C6FE91291,3715834800525005,633FADAEAEBCF3E2
CEA452E12444286E,633FADAEAEBCF3E2,3715834823490189,7C168F1CBDD8416E
CEA452E12444286E,633FADAEAEBCF3E2,3715834891894448,EC52C6E6E0BF9152
F7F5E349AF6E680E,F5CF59A87B73C403,1545492434064034,6C9251C690AA4F50
F7F5E349AF6E680E,0000000000000000,0,616C77EF12F4C7C2
204443AE4D8CFE6F,7F2759027C80776E,1909861565522995,B984F34617EE90B3
204443AE4D8CFE6F,7F2759027C80776E,1909861567799431,03083328D6E8B815
0F3FE15B9F8A58FD,4DC5416EE2D4A4B5,3716380403986129,FD2F8B188440D0FD
0F3FE15B9F8A58FD,4DC5416EE2D4A4B5,3716380406886256,130A26843A9CD348
FD304D8429EFC4F4,468209D2107EC0E8,2475079320259046,25E0680B57D381AC
FD304D8429EFC4F4,468209D2107EC0E8,2475079325365844,325B670F4A218CDD
5C896B0BF1FE9404,A03CB769DC011EFD,1910101513310758,68085E6A478FCD5C
5C896B0BF1FE9404,0000000000000000,0,25084138EFF7EB85
5C495C4DA48B3C33,76CB2778E54C4410,3713753752193716,C92E26789E7DB729
5C495C4DA48B3C33,76CB2778E54C4410,3713753754795138,B5AC2951318F159C
B4D1C2D3BA15AEF2,796656E81E28BF8D,3715712578916290,3C4146A794F7F27D
B4D1C2D3BA15AEF2,0000000000000000,0,212831049666BDB4
4149E6BCE38E8D13,271117B2E42F7BA1,1909898381002900,77946FC31C7EDEA6
4149E6BCE38E8D13,0000000000000000,0,D6AB92E28181E6A5
82EF50B550A4C9FE,4E7BD4E4D438966D,1423684901067385,5698EE32ECAF742D
82EF50B550A4C9FE,4E7BD4E4D438966D,1423684903735376,A891E123A0E79470
58D0758AA5BCB3D8,358110487285EAAB,1909642859145831,DC054832ECC4E1B2
58D0758AA5BCB3D8,358110487285EAAB,1909642862139851,F631ED397204FFBC
DC8C325FF09C652F,C9AFA31C39A64DCF,1910089699105746,588202878AA01CFE
DC8C325FF09C652F,C9AFA31C39A64DCF,1910089702189672,EEEA93F196345F9D
EFA1EEDFF690222E,2D74157E218B24E1,1909835558571744,516FE063717F8419
EFA1EEDFF690222E,2D74157E218B24E1,1909901618134452,58C91331FF66D158
EFA1EEDFF690222E,2D74157E218B24E1,1909901620769004,DFBF6C001CA86240
0A9390410066454F,FE17674B1155CFF1,1548872237392561,D4C8312283348B5E
0A9390410066454F,FE17674B1155CFF1,1548872240475140,D55F0C3E7D50FDB4
7C254856E1059EA7,5983628C257B1A35,445796598054260,511344485BB08522
7C254856E1059EA7,5983628C257B1A35,445796603283056,7EB4B755BB2570D0
B6B4C7CBFED1B807,401C617D1315DB3D,1909846868855224,38B0111B909B8650
B6B4C7CBFED1B807,045EEDBCF28D3B69,1909846861210804,401C617D1315DB3D
B6B4C7CBFED1B807,401C617D1315DB3D,1909846883752097,CA2E57D9E93A53F4
B6B4C7CBFED1B807,401C617D1315DB3D,1909846934428303,E838784D7E929BC7
6B97C6592A24F34B,4839E5697B584DE9,529827673410631,F049091647EFFEC1
6B97C6592A24F34B,4839E5697B584DE9,529827678382018,811DB805D9FE908C
E18C3FC08BDE122E,98451D6158B17053,3715288426323169,FB896E9DC07AC104
E18C3FC08BDE122E,98451D6158B17053,3715288428602450,A235692DC02520F5
40537F201F7CD746,D4FA4607E71F0638,3680172752109488,E89A9092D2956255
40537F201F7CD746,D4FA4607E71F0638,3680172755782957,F61A9531542596F3
536A5BCC0F7A4466,28A98238571460C4,1545543233417669,94C9FCB5BF9061C1
536A5BCC0F7A4466,CD1E79FA40BA3737,1545543225502201,28A98238571460C4
536A5BCC0F7A4466,28A98238571460C4,1545543249344990,5F1FB531B7180934
536A5BCC0F7A4466,28A98238571460C4,1545543258146428,09C4D8B3076DF802
15C796ED7EA19182,736F8741A7FA86CC,3676659228450300,F5367270D995B1B3
15C796ED7EA19182,736F8741A7FA86CC,3676659231140407,69D52283D0D5FA1C
468D8F1CE464148F,3CBB516756B7A1C6,3715730200900206,1F0FDD04FF9E76CE
468D8F1CE464148F,3CBB516756B7A1C6,3715730203650024,B548BEC22E62E69A
CEA452E12444286E,633FADAEAEBCF3E2,3715904001755184,24DBAFAA342C0F6D
CEA452E12444286E,633FADAEAEBCF3E2,3715904004374449,B9BAEA70E45A8CA2
C40C003FA4C7D526,AC7D7D8ABE246FBC,1909954332015440,9862CE85488D3FFC
C40C003FA4C7D526,E1CCAD354B9F8DCD,1909954324206597,AC7D7D8ABE246FBC
C40C003FA4C7D526,AC7D7D8ABE246FBC,1909954347008320,972075AD893523F4
C40C003FA4C7D526,AC7D7D8ABE246FBC,1909954389877330,111F23266943C2E7
204443AE4D8CFE6F,7F2759027C80776E,1909930645940941,5E18AE21662073B9
204443AE4D8CFE6F,7F2759027C80776E,1909930649176673,3D3E91BC3F2A6F51
0F3FE15B9F8A58FD,4DC5416EE2D4A4B5,3716449484385743,65E36EECA9B3BF7C
0F3FE15B9F8A58FD,4DC5416EE2D4A4B5,3716449486319553,28CA2EA430764A76
FD304D8429EFC4F4,468209D2107EC0E8,2475148403627195,1DEFE4850CF30054
FD304D8429EFC4F4,0000000000000000,0,9455BEAA07BAF9D6
F034166F0F511F50,D4D6D58DC577D1EA,529997602624277,AF9293DD5653E7C0
F034166F0F511F50,A754CFB00D7B9CE2,529997595080032,D4D6D58DC577D1EA
F034166F0F511F50,D4D6D58DC577D1EA,529997617639728,85BC799AD5C45625
F034166F0F511F50,D4D6D58DC577D1EA,529997652522015,81950AB6F572FE61
5C495C4DA48B3C33,76CB2778E54C4410,3713822829732170,3AEC51BD55369402
5C495C4DA48B3C33,0000000000000000,0,B3D8AC6BF9D96934
82EF50B550A4C9FE,4E7BD4E4D438966D,1423753979328870,751C71383876BC37
82EF50B550A4C9FE,4E7BD4E4D438966D,1423753982520322,3A88442F109ED109
58D0758AA5BCB3D8,358110487285EAAB,1909711936877031,CA609600429759F2
58D0758AA5BCB3D8,0000000000000000,0,13A5045FC47DB9B7
DC8C325FF09C652F,C9AFA31C39A64DCF,1910158778179930,81692E9EF6821460
DC8C325FF09C652F,C9AFA31C39A64DCF,1910158779994113,8EA33A2C26C73778
0A9390410066454F,FE17674B1155CFF1,1548872242615523,C24D4FEA05ED9EF5
0A9390410066454F,FE17674B1155CFF1,1548938327800694,08C784E412FCF7AB
0A9390410066454F,0000000000000000,0,26ABBC3652BA2A6C
EFA1EEDFF690222E,2D74157E218B24E1,1909970670760267,6C2E5C8AFB7904EA
EFA1EEDFF690222E,2D74157E218B24E1,1909970673015289,C691E016945EADCB
7C254856E1059EA7,5983628C257B1A35,445796607223466,CDDEA46D40908B84
7C254856E1059EA7,5983628C257B1A35,445862633902566,D8CC94C7EBF7CA5A
7C254856E1059EA7,0000000000000000,0,46A76D758F9FE843
E18C3FC08BDE122E,98451D6158B17053,3715288430428827,0D2E30CCFF6166AB
E18C3FC08BDE122E,98451D6158B17053,3715354468157891,0DAC5FA66354F8D7
E18C3FC08BDE122E,98451D6158B17053,3715354470959749,2C9D54EF94830799
B6B4C7CBFED1B807,401C617D1315DB3D,1909916046353322,05F3ABF54751920D
B6B4C7CBFED1B807,401C617D1315DB3D,1909916050554383,8928302466B0B8C7
6B97C6592A24F34B,4839E5697B584DE9,529896731302498,054C9651A2B617F7
6B97C6592A24F34B,4839E5697B584DE9,529896734061859,7366CBB7731D9D4C
40537F201F7CD746,D4FA4607E71F0638,3680241809528700,5E51E7EC6465B591
40537F201F7CD746,D4FA4607E71F0638,3680241811819504,EC4237B28A4E57F4
536A5BCC0F7A4466,28A98238571460C4,1545612339151801,DE687FBEFC3993DE
536A5BCC0F7A4466,28A98238571460C4,1545612342196557,740BDC7D14A76DD4
15C796ED7EA19182,736F8741A7FA86CC,3676728306998373,A27A68CBD9276C18
15C796ED7EA19182,736F8741A7FA86CC,3676728309111726,9DAA5C4D60D8ED63
468D8F1CE464148F,3CBB516756B7A1C6,3715799217120742,C70A8AAE71E2680A
468D8F1CE464148F,0000000000000000,0,86D290BCB9186942
CEA452E12444286E,633FADAEAEBCF3E2,3715973027375511,D9313E7D99596735
CEA452E12444286E,633FADAEAEBCF3E2,3715973029661145,BAC1DBECEE4F5509
C40C003FA4C7D526,AC7D7D8ABE246FBC,1910023499887010,9B1CB30FB4D07225
C40C003FA4C7D526,AC7D7D8ABE246FBC,1910023502667317,6FE4D6263E41F708
204443AE4D8CFE6F,7F2759027C80776E,1909999708315547,F243A24D4FACE7F2
204443AE4D8CFE6F,0000000000000000,0,E002A3BF82AC8917
0CCF386745059FCE,E85B220947DF4CB3,3715827356325918,A7FF1331797B22C8
0CCF386745059FCE,3B731127AF7BC55A,3715827348137480,E85B220947DF4CB3
0CCF386745059FCE,E85B220947DF4CB3,3715827371850218,7CE7538C4A980C89
0CCF386745059FCE,E85B220947DF4CB3,3715827404536894,7B13D0A4659D1B75
0F3FE15B9F8A58FD,4DC5416EE2D4A4B5,3716518504495484,1BCA365E059F1378
0F3FE15B9F8A58FD,4DC5416EE2D4A4B5,3716518507305903,42B0B7421FE6A303
402B49A3F2998819,B9CD6593B9C7F0E7,3716361219274503,27FAEDBC58EFEFA1
402B49A3F2998819,5984310709C29649,3716361211573260,B9CD6593B9C7F0E7
402B49A3F2998819,B9CD6593B9C7F0E7,3716361234499787,296A3A2D64B23ADD
402B49A3F2998819,B9CD6593B9C7F0E7,3716361273189416,24ECE45728EA2C83
F034166F0F511F50,D4D6D58DC577D1EA,530066774601409,8398255ED5F0BD83
F034166F0F511F50,D4D6D58DC577D1EA,530066780242529,8258DEBEB9922B99
82EF50B550A4C9FE,4E7BD4E4D438966D,1423823002100575,B6CC5841B55034EB
82EF50B550A4C9FE,4E7BD4E4D438966D,1423823005072331,7644C04F5453D9C9
DC8C325FF09C652F,C9AFA31C39A64DCF,1910227819667207,C2E86213C196A9E2
DC8C325FF09C652F,C9AFA31C39A64DCF,1910227822744776,396DDC3B7EB5F684
EFA1EEDFF690222E,2D74157E218B24E1,1910039749901037,3A41423A87E987E8
EFA1EEDFF690222E,2D74157E218B24E1,1910039752528254,878A0391991D5B47
EFA1EEDFF690222E,EF339D3ECF4D1ED7,1531893863884,2EF210C48294D28A
EFA1EEDFF690222E,87D7B09AEDA04B63,1531885658226,31DF5FF6AB4D7EE8
EFA1EEDFF690222E,2D74157E218B24E1,1910039768532447,EF339D3ECF4D1ED7
EFA1EEDFF690222E,2D74157E218B24E1,1910039754698620,87D7B09AEDA04B63
EFA1EEDFF690222E,2D74157E218B24E1,1910040723525387,E5A21A21843533ED
EFA1EEDFF690222E,DC7C0BC3401D3DD8,1532861852160,32B147B51E116BE8
EFA1EEDFF690222E,2D74157E218B24E1,1910040736703877,DC7C0BC3401D3DD8
EFA1EEDFF690222E,2D74157E218B24E1,1910040726007742,1E724EBB9E30DB35
EFA1EEDFF690222E,1E724EBB9E30DB35,1532854921034,705EAD9E241D9EF6
EFA1EEDFF690222E,2D74157E218B24E1,1910041525529644,77BFFA7473429D5A
EFA1EEDFF690222E,E4F9980119EF0321,7480757144555,9F9EEB66668F50CF
EFA1EEDFF690222E,7861E9D9B384E3EC,7480704615603,8520C151FD3C0495
EFA1EEDFF690222E,2D74157E218B24E1,1910041586927277,E4F9980119EF0321
EFA1EEDFF690222E,2D74157E218B24E1,1910041527836936,7861E9D9B384E3EC
EFA1EEDFF690222E,2D74157E218B24E1,1910042770610527,6B4AA64B9232734E
E18C3FC08BDE122E,98451D6158B17053,3715423492390555,5E24411C3871BF03
EFA1EEDFF690222E,2D74157E218B24E1,1910042784474724,6843647F7E376305
EFA1EEDFF690222E,2D74157E218B24E1,1910042772757505,4171957ABD8B377B
EFA1EEDFF690222E,2D74157E218B24E1,1910043922084424,FD91373E8704B45F
E18C3FC08BDE122E,0000000000000000,0,8EC0570F71BD58D5
EFA1EEDFF690222E,6843647F7E376305,7481949957472,5CF9908665BA49A8
EFA1EEDFF690222E,4171957ABD8B377B,7481941288597,D2CF1FD67309A3A8
B6B4C7CBFED1B807,401C617D1315DB3D,1909985124862394,BB8BDE5EA7C755A6
B6B4C7CBFED1B807,401C617D1315DB3D,1909985128156024,968EC39E6EBAE0A6
EFA1EEDFF690222E,8B3F1EF22ABE3F74,3716221448388880,AF188C2305EE407B
EFA1EEDFF690222E,2D74157E218B24E1,1910043940390919,8B3F1EF22ABE3F74
EFA1EEDFF690222E,2D74157E218B24E1,1910043924099420,54C898AB961177B0
EFA1EEDFF690222E,2D74157E218B24E1,1910045992112618,24BE467A8B8E6D3B
EFA1EEDFF690222E,54C898AB961177B0,3716221437579530,79A37E6762693B36
6B97C6592A24F34B,4839E5697B584DE9,529965817542379,6A6836A934D26848
6B97C6592A24F34B,4839E5697B584DE9,529965822543627,CEDEE8C684599290
EFA1EEDFF690222E,E368F1C339E1DD13,7485171839414,829C22EC47E6913E
EFA1EEDFF690222E,29B0C7D3045D7C0D,7485162881244,571D9F818B6B9ED2
EFA1EEDFF690222E,2D74157E218B24E1,1910046006365094,E368F1C339E1DD13
EFA1EEDFF690222E,2D74157E218B24E1,1910045993975515,29B0C7D3045D7C0D
EFA1EEDFF690222E,2D74157E218B24E1,1910047302262730,DE86E43AF20B7C9F
40537F201F7CD746,D4FA4607E71F0638,3680310903412610,9394F47FAEAC2C81
40537F201F7CD746,D4FA4607E71F0638,3680310932748922,D3EBEC5C7AAAE028
6B97C6592A24F34B,2DBA446471207608,7486122711892,E8FA25CBF1177C9A
6B97C6592A24F34B,05D74D06432E14EC,7486112817193,1570A7870248047C
6B97C6592A24F34B,4839E5697B584DE9,529965840779142,2DBA446471207608
6B97C6592A24F34B,4839E5697B584DE9,529965825998535,05D74D06432E14EC
6B97C6592A24F34B,4839E5697B584DE9,529969345026043,217D57AF72A666A4
EFA1EEDFF690222E,5D8C979799478EE8,7486481988341,CC076D99863AE3B7
EFA1EEDFF690222E,9909FA8EAB52546E,7486474801847,73207A11E3C5AE7C
EFA1EEDFF690222E,2D74157E218B24E1,1910047316362846,5D8C979799478EE8
EFA1EEDFF690222E,2D74157E218B24E1,1910047305456442,9909FA8EAB52546E
EFA1EEDFF690222E,2D74157E218B24E1,1910052017035941,4A7ACA22461013EF
B6B4C7CBFED1B807,7E8B11015FFB6FC1,3716223589027950,4425674402EA5848
B6B4C7CBFED1B807,B162EEF33EB1C776,3716223517118134,BA25A818F165FD6B
B6B4C7CBFED1B807,57C3AB1C480607D9,1538153578367,7E8B11015FFB6FC1
B6B4C7CBFED1B807,872E6374AE0420E8,1538104392917,B162EEF33EB1C776
B6B4C7CBFED1B807,401C617D1315DB3D,1909985211258165,57C3AB1C480607D9
B6B4C7CBFED1B807,401C617D1315DB3D,1909985130393305,872E6374AE0420E8
B6B4C7CBFED1B807,401C617D1315DB3D,1909992113322936,34CFF0E4C74069EA
EFA1EEDFF690222E,E673D5632346923E,381664436727856,7A000E827D4126F1
EFA1EEDFF690222E,2BEE507DBB28792E,381664430226927,7E80C44F25938A89
EFA1EEDFF690222E,2D74157E218B24E1,1910052035456768,E673D5632346923E
EFA1EEDFF690222E,2D74157E218B24E1,1910052020597339,2BEE507DBB28792E
EFA1EEDFF690222E,2D74157E218B24E1,1910053537319670,71EA8D7EA4E47DD9
536A5BCC0F7A4466,28A98238571460C4,1545681388952739,CDAE5823A2B5553F
536A5BCC0F7A4466,28A98238571460C4,1545681391500571,5ADC5970478626EC
15C796ED7EA19182,736F8741A7FA86CC,3676797363566116,FF5704AC4068C2F1
15C796ED7EA19182,736F8741A7FA86CC,3676797390958176,0E240BA6A9683E71
536A5BCC0F7A4466,5C89B01C6C82B50B,3716218343423845,B0641888C76A5366
536A5BCC0F7A4466,C5CABDB9964D618A,3716218332827260,A333F903EE2298E1
536A5BCC0F7A4466,8D45A0301FB6BEC9,1545965186518,5C89B01C6C82B50B
536A5BCC0F7A4466,553B2227C60CAA07,1545948747187,C5CABDB9964D618A
536A5BCC0F7A4466,28A98238571460C4,1545681433412663,8D45A0301FB6BEC9
536A5BCC0F7A4466,28A98238571460C4,1545681394046478,553B2227C60CAA07
536A5BCC0F7A4466,28A98238571460C4,1545684010306463,6304E05D6801F006
40537F201F7CD746,F4938CD97BF31163,381662351738070,5FB32D5FB21088F0
40537F201F7CD746,F25FA21DCEFCE566,381662342632295,822C251C8EB147A0
40537F201F7CD746,D4FA4607E71F0638,3680310970760023,F4938CD97BF31163
40537F201F7CD746,D4FA4607E71F0638,3680310952038685,F25FA21DCEFCE566
40537F201F7CD746,D4FA4607E71F0638,3680318949350168,6209E2B6AF27B6E7
EFA1EEDFF690222E,A6EFE0ABCF826EBA,1545676104032,1469E3BFBA548814
EFA1EEDFF690222E,FB169AB2566D4D88,1545669460596,BBB30F1A2D638B4F
EFA1EEDFF690222E,2D74157E218B24E1,1910053550978128,A6EFE0ABCF826EBA
EFA1EEDFF690222E,2D74157E218B24E1,1910053539905559,FB169AB2566D4D88
EFA1EEDFF690222E,2D74157E218B24E1,1910058369573609,3E47D2EDC7FBBAC9
EFA1EEDFF690222E,0000000000000000,0,C3962B38E2E21B06
536A5BCC0F7A4466,BC782EC3BA28EB03,3716233943375434,4BD73B7AD3536558
536A5BCC0F7A4466,B9DC39DA9993296C,3716233936343489,4D1ADFF073A3399C
536A5BCC0F7A4466,CE2A01B4979F8AD7,1548559090588,BC782EC3BA28EB03
536A5BCC0F7A4466,9C92795B6F35427F,1548549553974,B9DC39DA9993296C
536A5BCC0F7A4466,28A98238571460C4,1545684027214153,CE2A01B4979F8AD7
536A5BCC0F7A4466,28A98238571460C4,1545684013499174,9C92795B6F35427F
536A5BCC0F7A4466,28A98238571460C4,1545686311460271,7B27BA876EDF8424
6B97C6592A24F34B,26ED00D29FFB8B97,381662887077762,5EF8BBBF109EF50C
6B97C6592A24F34B,2699906EA55C6987,381662876573239,9B6160C602E65A0A
6B97C6592A24F34B,4839E5697B584DE9,529969368411064,26ED00D29FFB8B97
6B97C6592A24F34B,4839E5697B584DE9,529969349533761,2699906EA55C6987
6B97C6592A24F34B,4839E5697B584DE9,529977741505555,D943B040513FA32F
B6B4C7CBFED1B807,651B4F2FACF2A741,1545194565005,FC550160745BC4A5
B6B4C7CBFED1B807,297B5D55B5D23ACB,1545181520206,E955BD8443812DF1
B6B4C7CBFED1B807,A839DF4E917CA057,381665468698983,651B4F2FACF2A741
B6B4C7CBFED1B807,132489D1D45BD497,381665351953751,297B5D55B5D23ACB
B6B4C7CBFED1B807,401C617D1315DB3D,1909992247972567,A839DF4E917CA057
B6B4C7CBFED1B807,401C617D1315DB3D,1909992115688245,132489D1D45BD497
B6B4C7CBFED1B807,401C617D1315DB3D,1909998774034836,F4B50E1794028474
40537F201F7CD746,60451ACE32A79F4B,3716235475222270,4F463AE22ECCB82C
40537F201F7CD746,DF74AC73EA6E2262,3716235457540468,D39DAECF2F614D33
40537F201F7CD746,D4FA4607E71F0638,3680318987686587,60451ACE32A79F4B
40537F201F7CD746,D4FA4607E71F0638,3680318955654531,DF74AC73EA6E2262
40537F201F7CD746,D4FA4607E71F0638,3680321715506755,A05AA103307F938A
15C796ED7EA19182,9101B4973CC33F72,1547106656239,AE4CF74124371E72
15C796ED7EA19182,615CE065923E3F43,1547094415562,22292B045A6E0E4D
15C796ED7EA19182,736F8741A7FA86CC,3676797423683210,9101B4973CC33F72
15C796ED7EA19182,736F8741A7FA86CC,3676797406803861,615CE065923E3F43
15C796ED7EA19182,736F8741A7FA86CC,3676803474421251,BD39C664F245678E
CEA452E12444286E,633FADAEAEBCF3E2,3716042054888446,750AE06A817C7864
CEA452E12444286E,633FADAEAEBCF3E2,3716042058036669,E532EA5CBC773463
536A5BCC0F7A4466,D8E13F32016950AF,1550868195939,7BCB6D95D2D40A8E
536A5BCC0F7A4466,05E9E54B7F783B5C,1550858046295,DF93ED74439C73D1
536A5BCC0F7A4466,349277B28F15EAEA,3716236249418095,D8E13F32016950AF
536A5BCC0F7A4466,6B9226EA6AD0F42B,3716236236280030,05E9E54B7F783B5C
536A5BCC0F7A4466,28A98238571460C4,1545686334998417,349277B28F15EAEA
536A5BCC0F7A4466,28A98238571460C4,1545686314622278,6B9226EA6AD0F42B
536A5BCC0F7A4466,28A98238571460C4,1545690759225460,88F0ECC7F2E5BB92
6B97C6592A24F34B,E8A7901B91883DAC,381671278848106,79D8FAE054E1CAAE
6B97C6592A24F34B,321AA839F30A31F9,381671271196011,AEAB3E2E574EC10F
6B97C6592A24F34B,4839E5697B584DE9,529977760947657,E8A7901B91883DAC
6B97C6592A24F34B,4839E5697B584DE9,529977745338990,321AA839F30A31F9
6B97C6592A24F34B,4839E5697B584DE9,529982464432473,345E5FB3AFBF5400
C40C003FA4C7D526,AC7D7D8ABE246FBC,1910092540650977,D9323F10CC6204EB
C40C003FA4C7D526,AC7D7D8ABE246FBC,1910092544892612,45AED131969ACA8A
B6B4C7CBFED1B807,379BCF2A4C316E25,7498807180803,EAF354F684D2ABE6
B6B4C7CBFED1B807,93A19F161FB6605A,7498778868686,A6BF5A6860BD4D0C
B6B4C7CBFED1B807,38C98D9F58730B09,3716224136699511,379BCF2A4C316E25
B6B4C7CBFED1B807,4AC8E5F5826E6839,3716224108221951,93A19F161FB6605A
B6B4C7CBFED1B807,401C617D1315DB3D,1909998816567873,38C98D9F58730B09
B6B4C7CBFED1B807,401C617D1315DB3D,1909998779256886,4AC8E5F5826E6839
B6B4C7CBFED1B807,401C617D1315DB3D,1910004677166740,479A753F5F639B01
B6B4C7CBFED1B807,0000000000000000,0,045EEDBCF28D3B69
6B97C6592A24F34B,683294F7E82BCE13,1555729048832,5E949B8A0F7F76D6
6B97C6592A24F34B,D2289D3B58B1A476,1555715726918,F9863B4FF28C1392
6B97C6592A24F34B,4839E5697B584DE9,529982486650677,683294F7E82BCE13
6B97C6592A24F34B,4839E5697B584DE9,529982468043222,D2289D3B58B1A476
6B97C6592A24F34B,4839E5697B584DE9,529984592158185,2E8B285800AFB339
536A5BCC0F7A4466,2E3834366F17E0E8,381675623056155,83197173A7AA415D
536A5BCC0F7A4466,5EEAED1A19700701,381675590134727,93752CA09E903D86
536A5BCC0F7A4466,AB4E7BE756697DD0,3716227715476910,2E3834366F17E0E8
536A5BCC0F7A4466,7FF2B8F8A06CE491,3716227676348309,5EEAED1A19700701
536A5BCC0F7A4466,28A98238571460C4,1545690807942627,AB4E7BE756697DD0
536A5BCC0F7A4466,28A98238571460C4,1545690763520019,7FF2B8F8A06CE491
536A5BCC0F7A4466,28A98238571460C4,1545694668604645,F5FDAD91D9A4B1EA
15C796ED7EA19182,37A9C85963EF4943,7500232906478,DC0B2D9C5826DE48
15C796ED7EA19182,E06D2EA5470997EB,7500212862165,1B0F2E9D6A7E0AC8
15C796ED7EA19182,736F8741A7FA86CC,3676803510024008,37A9C85963EF4943
15C796ED7EA19182,736F8741A7FA86CC,3676803483971447,E06D2EA5470997EB
15C796ED7EA19182,736F8741A7FA86CC,3676810139607588,8CD6D6E023B85E20
15C796ED7EA19182,0000000000000000,0,3E85004FFA3FBF35
CEA452E12444286E,633FADAEAEBCF3E2,3716042132378368,B89323F5E35D8466
CEA452E12444286E,633FADAEAEBCF3E2,3716042063715178,7EFDA60504A7EE21
CEA452E12444286E,633FADAEAEBCF3E2,3716049522423496,FE8B56C922B9F28F
CEA452E12444286E,B89323F5E35D8466,7501072757653,3B356147AFAD6134
CEA452E12444286E,7EFDA60504A7EE21,7501008951436,698C2F02762B83D4
40537F201F7CD746,9EA0CE7FCD35A6F0,7499893926521,B22BCA100BFEE478
40537F201F7CD746,2CE020759BAEAD79,7499874308902,57683FF9FC8AC121
40537F201F7CD746,D4FA4607E71F0638,3680321748790396,9EA0CE7FCD35A6F0
40537F201F7CD746,D4FA4607E71F0638,3680321724739864,2CE020759BAEAD79
40537F201F7CD746,D4FA4607E71F0638,3680330520970693,A22261FAC0186E4C
CEA452E12444286E,8C85446CA91E9F16,381681730369475,3873E4D457E2A372
CEA452E12444286E,E1FABAB7AA8B0670,381681712491236,8DC45FA8FD30D6A1
CEA452E12444286E,633FADAEAEBCF3E2,3716049553833103,8C85446CA91E9F16
CEA452E12444286E,633FADAEAEBCF3E2,3716049526685606,E1FABAB7AA8B0670
CEA452E12444286E,633FADAEAEBCF3E2,3716052726510723,D1DE55DCACAB6CFE
40537F201F7CD746,11AD42430EE51448,7508688716137,4BFBFEBAE3F1A0C9
40537F201F7CD746,0EC00B4784809923,7508676816085,67E7509176CF9869
40537F201F7CD746,D4FA4607E71F0638,3680330543844142,11AD42430EE51448
40537F201F7CD746,D4FA4607E71F0638,3680330526232744,0EC00B4784809923
40537F201F7CD746,D4FA4607E71F0638,3680335092487461,602559E55D6AEDE5
6B97C6592A24F34B,25C927D7EED17055,7504901862626,259937AEFC8B85C7
6B97C6592A24F34B,0F1BE018711F38F8,7504882148374,19670F85E6A409B5
6B97C6592A24F34B,4839E5697B584DE9,529984607061502,25C927D7EED17055
6B97C6592A24F34B,4839E5697B584DE9,529984595970747,0F1BE018711F38F8
6B97C6592A24F34B,4839E5697B584DE9,529992987454306,E01CE04720CD819E
C40C003FA4C7D526,DA97A34844756C36,7503276803822,0C43ACA5D223DEE2
C40C003FA4C7D526,262AD9041F8069BC,7503228072810,8D1C7214A1F961DF
C40C003FA4C7D526,822240DEC580E35D,3716228602193913,DA97A34844756C36
C40C003FA4C7D526,A3D50BB29DC4E0E5,3716228550258913,262AD9041F8069BC
C40C003FA4C7D526,AC7D7D8ABE246FBC,1910092609322723,822240DEC580E35D
C40C003FA4C7D526,AC7D7D8ABE246FBC,1910092548140850,A3D50BB29DC4E0E5
C40C003FA4C7D526,AC7D7D8ABE246FBC,1910103006518547,7EE164F11AA9E948
CEA452E12444286E,41CB26319DD346E6,3716250026504293,74E9AA37406D66BC
CEA452E12444286E,7FC20AE4759EAB67,3716250017357497,AF8F086D5DAFDFFB
CEA452E12444286E,633FADAEAEBCF3E2,3716052743904731,41CB26319DD346E6
CEA452E12444286E,633FADAEAEBCF3E2,3716052728952048,7FC20AE4759EAB67
CEA452E12444286E,633FADAEAEBCF3E2,3716054906722747,2CE4DD9E2E0121CC
536A5BCC0F7A4466,05B741192901F85A,7506266274942,99790253E2083829
536A5BCC0F7A4466,9A30CF1EA09CE07A,7506251845002,F616336D1E9876B2
536A5BCC0F7A4466,C8BBCA42613F9983,3716244605358881,05B741192901F85A
536A5BCC0F7A4466,858D08B402D0ECA2,3716244590456778,9A30CF1EA09CE07A
536A5BCC0F7A4466,28A98238571460C4,1545694689989022,C8BBCA42613F9983
536A5BCC0F7A4466,28A98238571460C4,1545694671455295,858D08B402D0ECA2
536A5BCC0F7A4466,28A98238571460C4,1545703143477116,A9A60CFFE676AC23
6B97C6592A24F34B,568A87DD9BF87817,1566245796756,9559BED6F19AB028
6B97C6592A24F34B,C715F3894A080F2F,1566238587809,19B8FA5C9BBD6C2B
6B97C6592A24F34B,4839E5697B584DE9,529993004242581,568A87DD9BF87817
6B97C6592A24F34B,4839E5697B584DE9,529992993378121,C715F3894A080F2F
6B97C6592A24F34B,4839E5697B584DE9,529995024801747,8BB4BF97A7A2F99B
0CCF386745059FCE,E85B220947DF4CB3,3715896450291678,B22387965BA6BA63
0CCF386745059FCE,E85B220947DF4CB3,3715896452955573,E538A9A0D2D00D4B
6B97C6592A24F34B,9BC4F26F1FB4E9F5,3716253725303329,4243936D755CB3B4
6B97C6592A24F34B,51D7BAC67A48967A,3716253675278872,6B21ED3E73F85D2F
6B97C6592A24F34B,4839E5697B584DE9,529995100425720,9BC4F26F1FB4E9F5
6B97C6592A24F34B,4839E5697B584DE9,529995034918188,51D7BAC67A48967A
6B97C6592A24F34B,4839E5697B584DE9,529998073080128,148E5DF6AE50EAF6
0F3FE15B9F8A58FD,4DC5416EE2D4A4B5,3716587527825201,D232831F0A3F6F8F
0F3FE15B9F8A58FD,0000000000000000,0,69774F3D455EFA3F
536A5BCC0F7A4466,A7E30CB8D376B101,7514793548848,E281E1687351304A
536A5BCC0F7A4466,A2C22791769D1F4E,7514750210968,3A715C9110EEF0F5
536A5BCC0F7A4466,4698287930B07D38,3716253108605292,A7E30CB8D376B101
536A5BCC0F7A4466,FBE9218730003B1B,3716253077469400,A2C22791769D1F4E
40537F201F7CD746,A8E61AEC90657DFB,1566224255508,E489D652CFD97237
40537F201F7CD746,880402BBBD7D17B5,1566210943271,DAE30D97CFFF490C
40537F201F7CD746,D4FA4607E71F0638,3680335117628841,A8E61AEC90657DFB
40537F201F7CD746,D4FA4607E71F0638,3680335097618538,880402BBBD7D17B5
536A5BCC0F7A4466,28A98238571460C4,1545703192486519,4698287930B07D38
536A5BCC0F7A4466,28A98238571460C4,1545703152446979,FBE9218730003B1B
40537F201F7CD746,D4FA4607E71F0638,3680342975661350,0339A174D433074E
536A5BCC0F7A4466,28A98238571460C4,1545709550024756,50A11090B1A0AAC0
CEA452E12444286E,383B8281986FC145,1566843720134,59B78BFD0F54236F
CEA452E12444286E,A2A93F239A579AA2,1566825068718,BFB0948746324A99
CEA452E12444286E,633FADAEAEBCF3E2,3716054938898049,383B8281986FC145
CEA452E12444286E,633FADAEAEBCF3E2,3716054910149733,A2A93F239A579AA2
CEA452E12444286E,633FADAEAEBCF3E2,3716062484310712,958A4336A157C0B0
40537F201F7CD746,0F9835CC37C421B7,381694503249768,A76C5CDBD90C18F1
40537F201F7CD746,30D8DD13266F0A1E,381694364905940,86E0B7FFA68492A0
40537F201F7CD746,D4FA4607E71F0638,3680343121392578,0F9835CC37C421B7
40537F201F7CD746,D4FA4607E71F0638,3680342978304094,30D8DD13266F0A1E
40537F201F7CD746,D4FA4607E71F0638,3680345361991101,8AAFDED1F7D22664
6B97C6592A24F34B,8231EA38B19F94B0,7518368768362,362A9961C6830096
6B97C6592A24F34B,4ABC71F5278ADBBA,7518361976065,894F8D0A764AC29D
6B97C6592A24F34B,4839E5697B584DE9,529998087087200,8231EA38B19F94B0
6B97C6592A24F34B,4839E5697B584DE9,529998076207741,4ABC71F5278ADBBA
6B97C6592A24F34B,4839E5697B584DE9,530003994275748,1CCB057B00786136
402B49A3F2998819,B9CD6593B9C7F0E7,3716430384476617,B6B9E028BD0B341A
402B49A3F2998819,B9CD6593B9C7F0E7,3716430387756703,07D8954189D937E0
40537F201F7CD746,73DF845A9D08BAC3,3716248919897399,6D48E17E47974F1F
40537F201F7CD746,062C11FBBC0B09D7,3716248878545791,0A94B9223FC1B153
40537F201F7CD746,D4FA4607E71F0638,3680345438962061,73DF845A9D08BAC3
40537F201F7CD746,D4FA4607E71F0638,3680345373674290,062C11FBBC0B09D7
40537F201F7CD746,D4FA4607E71F0638,3680347980206584,E4424135319364DA
6B97C6592A24F34B,DC8B0E00F3A39264,3716249633272331,18D88FF74AFC7E45
6B97C6592A24F34B,3A514E9DA484F64E,3716249626048343,6E88E33F0DAB6A12
6B97C6592A24F34B,4839E5697B584DE9,530004015224333,DC8B0E00F3A39264
6B97C6592A24F34B,4839E5697B584DE9,530003998869795,3A514E9DA484F64E
6B97C6592A24F34B,4839E5697B584DE9,530006247644499,D874A291C87D0A66
536A5BCC0F7A4466,AFD36ABBF06EF348,381694392376039,3FCBD181C8F770A7
536A5BCC0F7A4466,AF3CBC724227DE5E,381694374464859,548170740D4C4208
536A5BCC0F7A4466,DA93046DBCA08DA7,3716259494079697,AFD36ABBF06EF348
536A5BCC0F7A4466,0241BA8E296ED3D4,3716259474450289,AF3CBC724227DE5E
536A5BCC0F7A4466,28A98238571460C4,1545709579479164,DA93046DBCA08DA7
536A5BCC0F7A4466,28A98238571460C4,1545709553411438,0241BA8E296ED3D4
536A5BCC0F7A4466,28A98238571460C4,1545715502685163,8DEB7B6E172DB75F
C40C003FA4C7D526,8594B502BC7B5BB6,7513752163504,4653F1FD6778CC00
C40C003FA4C7D526,C6AD681F1ED6BCB1,7513693019101,A8249CE78DB7E88F
C40C003FA4C7D526,AD5AC11D9DECEDA6,3716239055126015,8594B502BC7B5BB6
C40C003FA4C7D526,20414D0365119F38,3716239012006645,C6AD681F1ED6BCB1
C40C003FA4C7D526,AC7D7D8ABE246FBC,1910103067143944,AD5AC11D9DECEDA6
C40C003FA4C7D526,AC7D7D8ABE246FBC,1910103013225307,20414D0365119F38
C40C003FA4C7D526,AC7D7D8ABE246FBC,1910116513667370,84741E7D3422F879
F034166F0F511F50,D4D6D58DC577D1EA,530135875144222,8BBC3F34BE875636
F034166F0F511F50,D4D6D58DC577D1EA,530135908301325,DBF997072CEACE99
CEA452E12444286E,586A09FA8602AD00,381694700543769,B7B7AD68B708B20B
CEA452E12444286E,204F45143E85C8CD,381694687038652,E06EE5E46F9584F3
CEA452E12444286E,633FADAEAEBCF3E2,3716062524107652,586A09FA8602AD00
CEA452E12444286E,633FADAEAEBCF3E2,3716062486617857,204F45143E85C8CD
CEA452E12444286E,633FADAEAEBCF3E2,3716071227148871,562AA8EA6F02D17D
40537F201F7CD746,11A81AE44886F196,3716264480186273,9090F112FA8DE194
40537F201F7CD746,0506D8E1E27EFA1C,3716264474366032,9762AEED37478B63
40537F201F7CD746,D4FA4607E71F0638,3680347992199579,11A81AE44886F196
40537F201F7CD746,D4FA4607E71F0638,3680347982670623,0506D8E1E27EFA1C
40537F201F7CD746,D4FA4607E71F0638,3680352707604389,C081D9D055E8449C
536A5BCC0F7A4466,5BCBC0F37D1838E5,7527114244867,BC18F4C411B93585
536A5BCC0F7A4466,CB3DD738693903DE,7527095663331,8118D768FA9E0110
536A5BCC0F7A4466,4C83D7ED3C546256,3716265452472301,5BCBC0F37D1838E5
536A5BCC0F7A4466,ADAAF4B9FB90B027,3716265431943846,CB3DD738693903DE
536A5BCC0F7A4466,28A98238571460C4,1545715538006769,4C83D7ED3C546256
536A5BCC0F7A4466,28A98238571460C4,1545715506437832,ADAAF4B9FB90B027
536A5BCC0F7A4466,28A98238571460C4,1545720419028328,90438DC8C2B9A7A1
536A5BCC0F7A4466,0000000000000000,0,CD1E79FA40BA3737
F034166F0F511F50,9250B6451A2C07E8,3716265899837213,543AB11488D1B4C5
F034166F0F511F50,41835801725E8442,3716265828519175,B443DEAD5A34A198
F034166F0F511F50,01170E00342EA5F5,3716252877713721,9250B6451A2C07E8
F034166F0F511F50,3308494B97D71B6F,3716252817793262,41835801725E8442
F034166F0F511F50,D4D6D58DC577D1EA,530136022085420,01170E00342EA5F5
F034166F0F511F50,D4D6D58DC577D1EA,530135926118589,3308494B97D71B6F
F034166F0F511F50,D4D6D58DC577D1EA,530143460024543,9CC2E06902FC0F05
F034166F0F511F50,0000000000000000,0,A754CFB00D7B9CE2
40537F201F7CD746,CBC7C462675D6E61,1583874219442,FAE3C1F79F5EF62A
40537F201F7CD746,107FF7302936FF40,1583856625405,06D9C27FE742F641
40537F201F7CD746,D4FA4607E71F0638,3680352767484335,CBC7C462675D6E61
40537F201F7CD746,D4FA4607E71F0638,3680352710349296,107FF7302936FF40
40537F201F7CD746,D4FA4607E71F0638,3680357649891929,93C86C17F9A1F7A4
CEA452E12444286E,F6CC6A5BB673D9DD,381703433557624,3ECC5FCFC32805C7
CEA452E12444286E,0AF680CA65B176F2,381703425766856,94135EDCFF868CAB
CEA452E12444286E,633FADAEAEBCF3E2,3716071256687891,F6CC6A5BB673D9DD
CEA452E12444286E,633FADAEAEBCF3E2,3716071235427153,0AF680CA65B176F2
CEA452E12444286E,633FADAEAEBCF3E2,3716077600078544,8D1CE97A920C74CE
1D26B11681780BE1,8AE90F84A96D0CA5,1910097485961725,70EE5046649F8EF0
1D26B11681780BE1,648929EFD9B2F625,1910097478304491,8AE90F84A96D0CA5
1D26B11681780BE1,8AE90F84A96D0CA5,1910097506642101,56AA0820F911A22F
1D26B11681780BE1,8AE90F84A96D0CA5,1910097514360323,A750593EFF7BA7E5
C40C003FA4C7D526,05A30AB7289CE0C6,7527198978809,B54F6160FDE06FC8
C40C003FA4C7D526,4F185EDE3C1BE5B8,7527186012567,EE4E0A882EBCD046
C40C003FA4C7D526,AA3EF7AA1199A77C,381700432811677,05A30AB7289CE0C6
C40C003FA4C7D526,B425D436B2570D1E,381700415339295,4F185EDE3C1BE5B8
C40C003FA4C7D526,AC7D7D8ABE246FBC,1910116544770029,AA3EF7AA1199A77C
C40C003FA4C7D526,AC7D7D8ABE246FBC,1910116516703408,B425D436B2570D1E
C40C003FA4C7D526,AC7D7D8ABE246FBC,1910127259917318,A37DF3C77043DA85
40537F201F7CD746,3246E671D7A3D853,1588780638383,FA3ADE5DA389A161
40537F201F7CD746,AAEF3B2D21E6FC5E,1588761902743,D505C907B0DF39BF
40537F201F7CD746,D4FA4607E71F0638,3680357676000120,3246E671D7A3D853
40537F201F7CD746,D4FA4607E71F0638,3680357652467354,AAEF3B2D21E6FC5E
40537F201F7CD746,D4FA4607E71F0638,3680361596294978,CBF955B035C4EFAD
1D26B11681780BE1,F0A5B302349A1E30,7536733894192,637DAE20CEBA9E55
1D26B11681780BE1,FFDC513B4E852D96,7536721811105,78BC682E7C0AEE4C
1D26B11681780BE1,21CFC71A85E7E0A3,1589691008605,F0A5B302349A1E30
1D26B11681780BE1,3E252C4BEAFA9B38,1589676364082,FFDC513B4E852D96
1D26B11681780BE1,8AE90F84A96D0CA5,1910097565806597,21CFC71A85E7E0A3
1D26B11681780BE1,8AE90F84A96D0CA5,1910097518590311,3E252C4BEAFA9B38
1D26B11681780BE1,8AE90F84A96D0CA5,1910101260829171,6817F3CE598770D2
6B97C6592A24F34B,A1048BD4BE224956,3716264891345568,2D02297365BA6C43
6B97C6592A24F34B,4C69B2C592DEC2BA,3716264881913963,7FCA81F6F24B19C7
6B97C6592A24F34B,4839E5697B584DE9,530006266970407,A1048BD4BE224956
6B97C6592A24F34B,4839E5697B584DE9,530006251781522,4C69B2C592DEC2BA
6B97C6592A24F34B,4839E5697B584DE9,530020459343985,27CF707DAF205D69
82EF50B550A4C9FE,4E7BD4E4D438966D,1423892079645594,CC36AEF56EF25256
82EF50B550A4C9FE,0000000000000000,0,6A9B70313FD03C64
6B97C6592A24F34B,FC3D5AAC886F8B2D,7540776265055,C63A4B8A7D4B9CB3
6B97C6592A24F34B,61FA3D7A122F3AA7,7540759302971,4AB53B424D155220
6B97C6592A24F34B,4839E5697B584DE9,530020493587611,FC3D5AAC886F8B2D
6B97C6592A24F34B,4839E5697B584DE9,530020470091572,61FA3D7A122F3AA7
6B97C6592A24F34B,4839E5697B584DE9,530023038211772,BF0B4F8A6725470C
DC8C325FF09C652F,C9AFA31C39A64DCF,1910296896904164,F4A721F0A30E2CBE
DC8C325FF09C652F,0000000000000000,0,3731A8983BDADDEC
CEA452E12444286E,EA25E31D214C1C09,381709796851803,18466C011C44F6A7
CEA452E12444286E,1E0DB1F68A9C9BE9,381709787769679,1F4D162F35CB1393
CEA452E12444286E,633FADAEAEBCF3E2,3716077620861962,EA25E31D214C1C09
CEA452E12444286E,633FADAEAEBCF3E2,3716077602883778,1E0DB1F68A9C9BE9
CEA452E12444286E,633FADAEAEBCF3E2,3716086460654482,BB628DD6E55C652B
40537F201F7CD746,A728E0A0A4B87870,3716265178131424,6B5732C7AF268956
40537F201F7CD746,7D5660B70E9C59CB,3716265120229795,35E141DC55B72F52
40537F201F7CD746,D4FA4607E71F0638,3680361695030974,A728E0A0A4B87870
40537F201F7CD746,D4FA4607E71F0638,3680361618447003,7D5660B70E9C59CB
40537F201F7CD746,D4FA4607E71F0638,3680367668244849,9282002349BC625B
1D26B11681780BE1,D9B64EA12146BFF4,3716278807105537,37284AE756F45787
1D26B11681780BE1,00456165D6C2C499,3716278788491875,6661161D7A2B9E22
1D26B11681780BE1,B3A3AD34F00F2110,3716265793852663,D9B64EA12146BFF4
1D26B11681780BE1,CC09E9410EB04875,3716265772371437,00456165D6C2C499
1D26B11681780BE1,8AE90F84A96D0CA5,1910101292436219,B3A3AD34F00F2110
1D26B11681780BE1,8AE90F84A96D0CA5,1910101265711921,CC09E9410EB04875
1D26B11681780BE1,8AE90F84A96D0CA5,1910106874140978,5CB18B9A202B431D
1D26B11681780BE1,11E657C7F0A0B0B9,3716271397497187,0041FFD33F750B8D
1D26B11681780BE1,C89C4616FE1725A9,3716271385890805,C3A1D11914F75726
1D26B11681780BE1,0CF564068F1BF71F,3716284401627407,11E657C7F0A0B0B9
1D26B11681780BE1,85249A0DB5643C20,3716284388790965,C89C4616FE1725A9
1D26B11681780BE1,8AE90F84A96D0CA5,1910106893635437,0CF564068F1BF71F
1D26B11681780BE1,8AE90F84A96D0CA5,1910106877126818,85249A0DB5643C20
1D26B11681780BE1,8AE90F84A96D0CA5,1910108120006894,81DCC07F851714F6
402B49A3F2998819,DC2C0DDF98442C03,3716263300810883,1B91A713FEB7A882
402B49A3F2998819,4A0D7694D06495D1,3716263264766553,1135B7634C48F6DD
402B49A3F2998819,309CAD6D4749A781,7524946517444,DC2C0DDF98442C03
402B49A3F2998819,14D7115EC51FDB15,7524911314477,4A0D7694D06495D1
402B49A3F2998819,B9CD6593B9C7F0E7,3716430436257230,309CAD6D4749A781
402B49A3F2998819,B9CD6593B9C7F0E7,3716430389963799,14D7115EC51FDB15
402B49A3F2998819,B9CD6593B9C7F0E7,3716453423913706,CEEA9F6CB894E209
CEA452E12444286E,C6527CC569C14CB3,7545443977021,8DB56B4A29DF986F
CEA452E12444286E,E637C6D15B456A3A,7545428613796,A287CA08DBD02DBF
CEA452E12444286E,633FADAEAEBCF3E2,3716086504148397,C6527CC569C14CB3
CEA452E12444286E,633FADAEAEBCF3E2,3716086467691684,E637C6D15B456A3A
CEA452E12444286E,633FADAEAEBCF3E2,3716089580554014,D83DD2F184AFD192
C40C003FA4C7D526,9DCA902E0DB6A9BE,7537957427441,A5A9FCDAE0F85F9C
C40C003FA4C7D526,3C98592F050A9A98,7537937936622,33E0EE44F4C9AF1E
C40C003FA4C7D526,866AB058EE8FFB3F,381711189572850,9DCA902E0DB6A9BE
C40C003FA4C7D526,5145CEDF431FF1F7,381711166331829,3C98592F050A9A98
C40C003FA4C7D526,AC7D7D8ABE246FBC,1910127300762885,866AB058EE8FFB3F
C40C003FA4C7D526,AC7D7D8ABE246FBC,1910127264136059,5145CEDF431FF1F7
C40C003FA4C7D526,AC7D7D8ABE246FBC,1910138254556530,22AF238FC5BEA774
6B97C6592A24F34B,38B030714FB40F2E,381716593411009,0186703AB9406729
6B97C6592A24F34B,DC113131A9B62685,381716574843765,0D32184DEEAFA201
6B97C6592A24F34B,4839E5697B584DE9,530023075358457,38B030714FB40F2E
6B97C6592A24F34B,4839E5697B584DE9,530023042512681,DC113131A9B62685
6B97C6592A24F34B,4839E5697B584DE9,530028708379724,6A1008004B95FED1
0CCF386745059FCE,380E3CBE023BDAC5,3716254405362928,281AFA68B25942E3
0CCF386745059FCE,A31D2F327B3D1C7B,3716254351341606,156CEF80B332020C
0CCF386745059FCE,35AA3C9A4260F3BF,381689276292003,380E3CBE023BDAC5
0CCF386745059FCE,C72BDFE40FFBBF73,381689233233975,A31D2F327B3D1C7B
0CCF386745059FCE,E85B220947DF4CB3,3715896516369301,35AA3C9A4260F3BF
0CCF386745059FCE,E85B220947DF4CB3,3715896455411065,C72BDFE40FFBBF73
0CCF386745059FCE,E85B220947DF4CB3,3715930724679373,4571D1EE7FAB4063
40537F201F7CD746,4C2755724E6B7840,1598809175750,C978AD5576F7C84A
40537F201F7CD746,0C9EC3C31CAED914,1598780714826,0F0CE1126FE82BE4
40537F201F7CD746,D4FA4607E71F0638,3680367704453988,4C2755724E6B7840
40537F201F7CD746,D4FA4607E71F0638,3680367671683546,0C9EC3C31CAED914
40537F201F7CD746,D4FA4607E71F0638,3680372501771818,1501553C9090D44A
CEA452E12444286E,C09EB96C65FAB432,381721794673572,FAB9AA747C9AAA7A
CEA452E12444286E,5F994645548190F1,381721784909374,02FDC6575048644D
CEA452E12444286E,633FADAEAEBCF3E2,3716089618908684,C09EB96C65FAB432
CEA452E12444286E,633FADAEAEBCF3E2,3716089585834662,5F994645548190F1
CEA452E12444286E,633FADAEAEBCF3E2,3716094970643680,D5FADFBBD02DD8A9
40537F201F7CD746,55D9A3DFBDC67606,1603630634031,B6C882F698D473E7
40537F201F7CD746,599787A778399E2E,1603621334766,E1250C4EECC2904B
40537F201F7CD746,D4FA4607E71F0638,3680372525970934,55D9A3DFBDC67606
40537F201F7CD746,D4FA4607E71F0638,3680372510789900,599787A778399E2E
40537F201F7CD746,D4FA4607E71F0638,3680375872742506,007A45389498F8E6
6B97C6592A24F34B,0B5071DA6883AA45,381722257245400,18003FFE9C7DF5CA
6B97C6592A24F34B,AF3B0A5E3D8B693F,381722239631821,462A1F674B9309D0
6B97C6592A24F34B,4839E5697B584DE9,530028739174377,0B5071DA6883AA45
6B97C6592A24F34B,4839E5697B584DE9,530028710769543,AF3B0A5E3D8B693F
6B97C6592A24F34B,4839E5697B584DE9,530034887889335,C2719334B93AEA5A
1D26B11681780BE1,ADB4F19B6A7CB951,7547318814441,79F59817986751FD
1D26B11681780BE1,918781E475872799,7547299527630,16EDD3A59841DE74
1D26B11681780BE1,613B17E46394780A,1600276577468,ADB4F19B6A7CB951
1D26B11681780BE1,F9FBB033BA2DA758,1600250513951,918781E475872799
1D26B11681780BE1,8AE90F84A96D0CA5,1910108151588655,613B17E46394780A
1D26B11681780BE1,8AE90F84A96D0CA5,1910108122032275,F9FBB033BA2DA758
1D26B11681780BE1,8AE90F84A96D0CA5,1910116653959560,35649B27F35BC868
402B49A3F2998819,DD3A212277505A98,3716286306066842,D042605766BBC9A5
402B49A3F2998819,870D2D867EE5386D,3716286289649028,7ED822E1C114A569
402B49A3F2998819,A2CF8F618FC93DE2,3716273297802067,DD3A212277505A98
402B49A3F2998819,68F18C5A35CC7005,3716273278958241,870D2D867EE5386D
402B49A3F2998819,B9CD6593B9C7F0E7,3716453452538540,A2CF8F618FC93DE2
402B49A3F2998819,B9CD6593B9C7F0E7,3716453428011873,68F18C5A35CC7005
402B49A3F2998819,B9CD6593B9C7F0E7,3716461553177546,3E4178C8F3E7F7C5
C40C003FA4C7D526,069BC54E8B5B8011,1601909156890,CFB5F3BAAC3D3002
C40C003FA4C7D526,3185621B24825766,1601883067610,7FB577A19F688D45
C40C003FA4C7D526,DA4D05932BD1EEE3,3716274281635444,069BC54E8B5B8011
C40C003FA4C7D526,CA314C36C465C09A,3716274249712311,3185621B24825766
C40C003FA4C7D526,AC7D7D8ABE246FBC,1910138292980011,DA4D05932BD1EEE3
C40C003FA4C7D526,AC7D7D8ABE246FBC,1910138257316397,CA314C36C465C09A
C40C003FA4C7D526,AC7D7D8ABE246FBC,1910145762168551,0C6E5100C6C52720
6B97C6592A24F34B,F88053045C49C93D,7555199202017,522366836B7BB2D8
6B97C6592A24F34B,550946D24D4562A9,7555188871433,0B2B9F37564415ED
6B97C6592A24F34B,4839E5697B584DE9,530034916919272,F88053045C49C93D
6B97C6592A24F34B,4839E5697B584DE9,530034901084719,550946D24D4562A9
6B97C6592A24F34B,4839E5697B584DE9,530038257841282,8FD3C2EC0EBC9B7B
6B97C6592A24F34B,0000000000000000,0,3ED9681E83FCA32F
0CCF386745059FCE,5C71932A207B54A0,1603319651180,CDDC4C18C6FC93A7
0CCF386745059FCE,850DF412B4520E32,1603248034970,0EA4AB026A65E55D
0CCF386745059FCE,C051EB98133EACFB,381723561861076,5C71932A207B54A0
0CCF386745059FCE,125C43D08886CBFF,381723516016786,850DF412B4520E32
0CCF386745059FCE,E85B220947DF4CB3,3715930796743207,C051EB98133EACFB
0CCF386745059FCE,E85B220947DF4CB3,3715930728377446,125C43D08886CBFF
0CCF386745059FCE,E85B220947DF4CB3,3715939255164404,202C5D065E0E50E0
CEA452E12444286E,833FDA06541753C2,7553929109313,E19199BDD7814813
CEA452E12444286E,DEBB904E88CCDC1C,7553918830015,F4D341513963DA80
CEA452E12444286E,633FADAEAEBCF3E2,3716094988639908,833FDA06541753C2
CEA452E12444286E,633FADAEAEBCF3E2,3716094974952924,DEBB904E88CCDC1C
CEA452E12444286E,633FADAEAEBCF3E2,3716100208839357,4BCB3B73B946FF8A
AC9EDEDC5B73D5CC,5B7721C3080C9455,529901163819810,088EEED2520CE1A5
AC9EDEDC5B73D5CC,5BE864B10AFB79A2,529901155989597,5B7721C3080C9455
AC9EDEDC5B73D5CC,5B7721C3080C9455,529901182656116,64820935BE832872
AC9EDEDC5B73D5CC,5B7721C3080C9455,529901194209269,4B6B9CA02E73F9F4
3D6B8BF8C10AE2A3,DF4D98D5240DD463,1423912183712966,31A95C2C782C808E
3D6B8BF8C10AE2A3,488ECC93A1620DBB,1423912175584916,DF4D98D5240DD463
3D6B8BF8C10AE2A3,DF4D98D5240DD463,1423912202245107,B780C2D342193C33
3D6B8BF8C10AE2A3,DF4D98D5240DD463,1423912342053928,AC92B8934E738C74
40537F201F7CD746,E323E0EA25388D88,1607015282723,0858A086B16E76C7
40537F201F7CD746,47FD251324A7823D,1606992929515,D907C7B15968F6F7
40537F201F7CD746,D4FA4607E71F0638,3680375909752020,E323E0EA25388D88
40537F201F7CD746,D4FA4607E71F0638,3680375875569477,47FD251324A7823D
40537F201F7CD746,D4FA4607E71F0638,3680384817898359,4625C114674A579B
CEA452E12444286E,0533625A0D28711C,7559181693017,71E0ABFD45716933
CEA452E12444286E,E340BEB34C51C5B4,7559166398189,9F01477CD72754E8
CEA452E12444286E,633FADAEAEBCF3E2,3716100241575310,0533625A0D28711C
CEA452E12444286E,633FADAEAEBCF3E2,3716100219679856,E340BEB34C51C5B4
CEA452E12444286E,633FADAEAEBCF3E2,3716105026567000,901A021C995C0987
1D26B11681780BE1,9616925C1BE9B6BA,3716281195705225,BFC4274707F11ECF
1D26B11681780BE1,1AAF8F6E675CDBA4,3716281163550495,5EF30BF2931A1903
1D26B11681780BE1,BFC4274707F11ECF,7555864527431,7D2EE6A8C7621A2F
1D26B11681780BE1,5EF30BF2931A1903,7555840013390,EFC64BCAC1493753
1D26B11681780BE1,8AE90F84A96D0CA5,1910116694701809,9616925C1BE9B6BA
1D26B11681780BE1,8AE90F84A96D0CA5,1910116656505593,1AAF8F6E675CDBA4
1D26B11681780BE1,8AE90F84A96D0CA5,1910126311430942,D426C1D3D504CE7F
1D26B11681780BE1,0000000000000000,0,648929EFD9B2F625
CEA452E12444286E,575363103A8782D4,7563981033236,F251F186F452F6EC
CEA452E12444286E,E975CE2F12645892,7563973240408,DA213E08506A8C27
CEA452E12444286E,633FADAEAEBCF3E2,3716105041106591,575363103A8782D4
CEA452E12444286E,633FADAEAEBCF3E2,3716105029935134,E975CE2F12645892
CEA452E12444286E,633FADAEAEBCF3E2,3716107708571653,2E4E20DEF8B8AF5C
AC9EDEDC5B73D5CC,C47AD4F63346E04A,1615123154691,D5EB2DC071BC6477
AC9EDEDC5B73D5CC,EE32465A396A41D9,1615108676311,C1318FD4EC67D095
AC9EDEDC5B73D5CC,2E203FF96D43824B,3716287496611896,C47AD4F63346E04A
AC9EDEDC5B73D5CC,23B21E2164F21448,3716287480441149,EE32465A396A41D9
AC9EDEDC5B73D5CC,5B7721C3080C9455,529901259061587,2E203FF96D43824B
AC9EDEDC5B73D5CC,5B7721C3080C9455,529901201702000,23B21E2164F21448
AC9EDEDC5B73D5CC,5B7721C3080C9455,529907468099332,6DCC5FA8DD21E308
40537F201F7CD746,332780AE2D2F1C04,381736244587004,3A448001229117DC
40537F201F7CD746,A7F6EEB8643CEEFD,381736225324107,CEE377F3C8AD24A4
40537F201F7CD746,D4FA4607E71F0638,3680384859905683,332780AE2D2F1C04
40537F201F7CD746,D4FA4607E71F0638,3680384824384084,A7F6EEB8643CEEFD
40537F201F7CD746,D4FA4607E71F0638,3680390674849533,6AFE25228D40F742
7BF2CA75890B46CD,EA62E22888183161,1910126442522662,3EEF4BC6D912DD74
7BF2CA75890B46CD,9FDAB87DE30EAA25,1910126434919355,EA62E22888183161
7BF2CA75890B46CD,EA62E22888183161,1910126457845375,04EC5F6D804ABD4D
7BF2CA75890B46CD,EA62E22888183161,1910126488323933,0324B69442695581
0CCF386745059FCE,504519DE51E41C3E,3716284137179026,47369FA7341C3708
0CCF386745059FCE,04B49A203CC7AA2E,3716284124825074,0B007CC2FB00FBBE
0CCF386745059FCE,D975371BC3509D9B,1611758606254,504519DE51E41C3E
0CCF386745059FCE,AA5A4719D4B7EBBE,1611741790485,04B49A203CC7AA2E
0CCF386745059FCE,E85B220947DF4CB3,3715939279512836,D975371BC3509D9B
0CCF386745059FCE,E85B220947DF4CB3,3715939257360586,AA5A4719D4B7EBBE
0CCF386745059FCE,E85B220947DF4CB3,3715949609656157,D3ACE93D0DF4E85C
CEA452E12444286E,C8DB735B1F9C53E2,3716291998595021,9F745C2BC185254E
CEA452E12444286E,15415FA4B2921E85,3716291991898371,64B7206F1F379B3E
CEA452E12444286E,633FADAEAEBCF3E2,3716107723087130,C8DB735B1F9C53E2
CEA452E12444286E,633FADAEAEBCF3E2,3716107711101108,15415FA4B2921E85
CEA452E12444286E,633FADAEAEBCF3E2,3716110846434103,F1A4440DEE8976CA
C40C003FA4C7D526,249AEFF402546657,381729768287931,247852BA8007D874
C40C003FA4C7D526,76A0EB8188F3F209,381729696216596,D8B881DCDAF9ED51
C40C003FA4C7D526,FBE63C48FBE4287D,1609479332047,249AEFF402546657
C40C003FA4C7D526,BA7A181AE0218F0B,1609390758463,76A0EB8188F3F209
C40C003FA4C7D526,AC7D7D8ABE246FBC,1910145867294217,FBE63C48FBE4287D
C40C003FA4C7D526,AC7D7D8ABE246FBC,1910145764531119,BA7A181AE0218F0B
C40C003FA4C7D526,AC7D7D8ABE246FBC,1910159213813202,FBE4ADDCE6C18EE8
40537F201F7CD746,62DA9FDED8B042EB,7568835550393,085320C892160242
40537F201F7CD746,35A5F7F2EAD257AE,7568828375150,E67C43C4FED1F1B7
40537F201F7CD746,D4FA4607E71F0638,3680390690767746,62DA9FDED8B042EB
40537F201F7CD746,D4FA4607E71F0638,3680390678808536,35A5F7F2EAD257AE
40537F201F7CD746,D4FA4607E71F0638,3680392983623342,3A65ABCE94E737AC
40537F201F7CD746,0000000000000000,0,2450021D64858562
3D6B8BF8C10AE2A3,99D25C323B16C805,7562350322118,AEAE64B5E11E540D
3D6B8BF8C10AE2A3,894CB4FFDB22D6CA,7562332971945,7AF194B50CADC93D
3D6B8BF8C10AE2A3,9F53E620C9B5ED28,381735582923620,99D25C323B16C805
3D6B8BF8C10AE2A3,1EE6204482182BA5,381735562169787,894CB4FFDB22D6CA
3D6B8BF8C10AE2A3,DF4D98D5240DD463,1423912434798717,9F53E620C9B5ED28
3D6B8BF8C10AE2A3,DF4D98D5240DD463,1423912347447411,1EE6204482182BA5
3D6B8BF8C10AE2A3,DF4D98D5240DD463,1423924512506470,7CCBB2D2BB14458D
402B49A3F2998819,E86E37A0368C36AE,381729355751893,F17D814E3704810A
402B49A3F2998819,13F8BC2E1D8037ED,381729325491518,8119D5DDDFB27E3C
402B49A3F2998819,9FF8501F23377C30,1609062926551,E86E37A0368C36AE
402B49A3F2998819,AC0958C8F8728D78,1609037873212,13F8BC2E1D8037ED
402B49A3F2998819,B9CD6593B9C7F0E7,3716461593694329,9FF8501F23377C30
402B49A3F2998819,B9CD6593B9C7F0E7,3716461555442572,AC0958C8F8728D78
402B49A3F2998819,B9CD6593B9C7F0E7,3716480829834032,DD85FF90BD5109AD
3D6B8BF8C10AE2A3,DA1C9534092FD488,3716299780607654,0C989918471D84AD
3D6B8BF8C10AE2A3,840ED9BB6BC80A2D,3716299772776987,B343BB7490777B93
3D6B8BF8C10AE2A3,A71F36178A887CFF,7574443408696,DA1C9534092FD488
3D6B8BF8C10AE2A3,AE6348BB4295053B,7574433090629,840ED9BB6BC80A2D
3D6B8BF8C10AE2A3,DF4D98D5240DD463,1423924531889757,A71F36178A887CFF
3D6B8BF8C10AE2A3,DF4D98D5240DD463,1423924516214044,AE6348BB4295053B
3D6B8BF8C10AE2A3,DF4D98D5240DD463,1423926632029524,748E20CCC3CE5A52
A412F2CFFE5D0A9B,3DE0C8CF57688CD2,3713999617326097,CDA4C83A9CFC5BB2
A412F2CFFE5D0A9B,BF292BA3ACB76F1A,3713999609568298,3DE0C8CF57688CD2
A412F2CFFE5D0A9B,3DE0C8CF57688CD2,3713999634120036,995C58C6703DA19A
A412F2CFFE5D0A9B,3DE0C8CF57688CD2,3713999657299276,EAE739E6FA8E07FF
CEA452E12444286E,F141FBFCE690D0D5,381743046310611,036E4A1330BBD0E7
CEA452E12444286E,310652C5F0D66305,381743034157130,F7B5AF018CEA9C2E
CEA452E12444286E,633FADAEAEBCF3E2,3716110868688488,F141FBFCE690D0D5
CEA452E12444286E,633FADAEAEBCF3E2,3716110848467539,310652C5F0D66305
CEA452E12444286E,633FADAEAEBCF3E2,3716120922882591,1CB1859B657E3FCA
A412F2CFFE5D0A9B,E5C0FC038C8F5336,7577914624763,75BEE81ECA976A68
A412F2CFFE5D0A9B,140468E74B5CF48E,7577890857270,CD54B694F6506276
A412F2CFFE5D0A9B,AA53A641E0570E84,3716316242713638,E5C0FC038C8F5336
A412F2CFFE5D0A9B,ABDCCA3F2FF1B0E2,3716316201204500,140468E74B5CF48E
A412F2CFFE5D0A9B,3DE0C8CF57688CD2,3713999737189462,AA53A641E0570E84
A412F2CFFE5D0A9B,3DE0C8CF57688CD2,3713999662316264,ABDCCA3F2FF1B0E2
A412F2CFFE5D0A9B,3DE0C8CF57688CD2,3714003414503254,BAE3FC9AA170968F
AC9EDEDC5B73D5CC,CEA6E6FB7BAD8B3B,3716306749844444,FE7F04C06FF45FE8
AC9EDEDC5B73D5CC,A5FFFEEFC3CF4863,3716306734380176,6A7A9671E39057A6
AC9EDEDC5B73D5CC,3DDFF94D5E6FD142,381741637215532,CEA6E6FB7BAD8B3B
AC9EDEDC5B73D5CC,40987CC06C124862,381741621224599,A5FFFEEFC3CF4863
AC9EDEDC5B73D5CC,5B7721C3080C9455,529907497976935,3DDFF94D5E6FD142
AC9EDEDC5B73D5CC,5B7721C3080C9455,529907471693965,40987CC06C124862
AC9EDEDC5B73D5CC,5B7721C3080C9455,529921679875225,85702A06B3FD8355
AC9EDEDC5B73D5CC,0000000000000000,0,5BE864B10AFB79A2
402B49A3F2998819,0E7B02E3B712DB16,381748649948263,73308D6327FC6BC8
402B49A3F2998819,503AC1EE9DA81010,381748605009791,D367343F053792C9
402B49A3F2998819,851BFFCFDBAFC40E,7575390210651,0E7B02E3B712DB16
402B49A3F2998819,4ED53D015F308C03,7575348098574,503AC1EE9DA81010
402B49A3F2998819,B9CD6593B9C7F0E7,3716480880289665,851BFFCFDBAFC40E
402B49A3F2998819,B9CD6593B9C7F0E7,3716480833411824,4ED53D015F308C03
402B49A3F2998819,B9CD6593B9C7F0E7,3716490178864078,965049D02DBA80A1
3D6B8BF8C10AE2A3,EA3DFACBB0A0D555,7576678876718,A1BC1B836966735C
3D6B8BF8C10AE2A3,8DF530D5A4DBFB72,7576602871753,DE788B47DBFAAC5F
3D6B8BF8C10AE2A3,B1ACFC820D0FAAC1,381749860953359,EA3DFACBB0A0D555
3D6B8BF8C10AE2A3,E4126CBE71F8BC44,381749803598929,8DF530D5A4DBFB72
3D6B8BF8C10AE2A3,DF4D98D5240DD463,1423926712483957,B1ACFC820D0FAAC1
3D6B8BF8C10AE2A3,DF4D98D5240DD463,1423926634158868,E4126CBE71F8BC44
3D6B8BF8C10AE2A3,DF4D98D5240DD463,1423935256752193,387C0FE6E8B2FF3A
7BF2CA75890B46CD,B894A7ADBCD4D05E,7569028054832,69CA8F033C80807B
7BF2CA75890B46CD,49574819E35F965C,7569004198170,759E2F6A9563CBE6
7BF2CA75890B46CD,67392C3F85C0F6EA,381742255639341,B894A7ADBCD4D05E
7BF2CA75890B46CD,2CBA8E7E460011E1,381742231152620,49574819E35F965C
7BF2CA75890B46CD,EA62E22888183161,1910126555617774,67392C3F85C0F6EA
7BF2CA75890B46CD,EA62E22888183161,1910126493805675,2CBA8E7E460011E1
7BF2CA75890B46CD,EA62E22888183161,1910143266272416,477BE3A0F28F85E6
C40C003FA4C7D526,F95BE52DF189E734,381743137543705,F23616653C557C62
C40C003FA4C7D526,0EA71FEA28A576A6,381743118748430,5555248B241F2C1D
C40C003FA4C7D526,2D3D9A5C678824CA,3716308242375471,F95BE52DF189E734
C40C003FA4C7D526,32E91879A058F09F,3716308216027412,0EA71FEA28A576A6
C40C003FA4C7D526,AC7D7D8ABE246FBC,1910159247374670,2D3D9A5C678824CA
C40C003FA4C7D526,AC7D7D8ABE246FBC,1910159216060577,32E91879A058F09F
C40C003FA4C7D526,AC7D7D8ABE246FBC,1910175140197587,797550C71A1FD832
CEA452E12444286E,CD18FC6979603D77,1632839975543,A20BED9B3EBB4F94
CEA452E12444286E,B9AB472AAA2F6C1D,1632833256996,91D4D752E5A08A4C
CEA452E12444286E,633FADAEAEBCF3E2,3716120940223603,CD18FC6979603D77
CEA452E12444286E,633FADAEAEBCF3E2,3716120928961243,B9AB472AAA2F6C1D
CEA452E12444286E,633FADAEAEBCF3E2,3716127516825768,9E2D47E0DFAC6903
A412F2CFFE5D0A9B,F979E663CB550379,3716319968527091,0BCB974768EA1CE9
A412F2CFFE5D0A9B,43CF68CF1926EBD2,3716319944727516,C349A27312C15925
A412F2CFFE5D0A9B,FFD7901E91D8648C,1634575476945,F979E663CB550379
A412F2CFFE5D0A9B,EE6CC3837744AFEA,1634552803458,43CF68CF1926EBD2
A412F2CFFE5D0A9B,3DE0C8CF57688CD2,3714003449720348,FFD7901E91D8648C
A412F2CFFE5D0A9B,3DE0C8CF57688CD2,3714003416598887,EE6CC3837744AFEA
A412F2CFFE5D0A9B,3DE0C8CF57688CD2,3714008409522716,44930BABF44C73C5
3D6B8BF8C10AE2A3,15BDE3B1F88B3183,3716310541422208,D7BF8243009C50B0
3D6B8BF8C10AE2A3,DCFBC3750C15147B,3716310516277023,4C1E7AF6DE54EFCD
3D6B8BF8C10AE2A3,D7BF8243009C50B0,7585208850325,B842C80573D07AFB
3D6B8BF8C10AE2A3,4C1E7AF6DE54EFCD,7585185172301,E4831EDAAB06EB4F
3D6B8BF8C10AE2A3,DF4D98D5240DD463,1423937233463758,FCB37DF7FC83BDD8
3D6B8BF8C10AE2A3,DF4D98D5240DD463,1423935281111764,15BDE3B1F88B3183
3D6B8BF8C10AE2A3,DF4D98D5240DD463,1423935262089890,DCFBC3750C15147B
0CCF386745059FCE,E491E0A99BF3F813,1622150516011,27F3269CFD5F3DB9
0CCF386745059FCE,97EE645D72D7EEE1,1622112937340,86FEF80A0E0BA6D2
0CCF386745059FCE,747B4E91F8BB165E,3716307527866320,E491E0A99BF3F813
0CCF386745059FCE,7A1A2BD070E4FEE1,3716307478244488,97EE645D72D7EEE1
0CCF386745059FCE,E85B220947DF4CB3,3715949665850011,747B4E91F8BB165E
0CCF386745059FCE,E85B220947DF4CB3,3715949611769919,7A1A2BD070E4FEE1
0CCF386745059FCE,E85B220947DF4CB3,3715969583602016,BEF8EF344BDDF000
CEA452E12444286E,239B122F0588AEB8,1639439424049,26337BD5C70BC519
CEA452E12444286E,B8259509CE3C2277,1639426404227,2EFB3B702855B9F1
CEA452E12444286E,633FADAEAEBCF3E2,3716127539300085,239B122F0588AEB8
CEA452E12444286E,633FADAEAEBCF3E2,3716127521806741,B8259509CE3C2277
CEA452E12444286E,633FADAEAEBCF3E2,3716132021794210,503A00AB04C4A7B4
0CCF386745059FCE,D59FFE11BFBC9392,381762420793282,9D1CAE0F19E95BC9
0CCF386745059FCE,4E3554F8F28B8AC9,381762381958666,07536620998D8773
0CCF386745059FCE,614E7ED249514BE6,3716327496428356,D59FFE11BFBC9392
0CCF386745059FCE,DBD7C84CAE2E3BB6,3716327451904128,4E3554F8F28B8AC9
0CCF386745059FCE,E85B220947DF4CB3,3715969634514035,614E7ED249514BE6
0CCF386745059FCE,E85B220947DF4CB3,3715969586519824,DBD7C84CAE2E3BB6
0CCF386745059FCE,E85B220947DF4CB3,3715972615856100,9205A6440EE650A7
3D935C4FD340D083,05BBF3A63268B1FA,1915636746903201,A39C9AD8DFD62B1E
3D935C4FD340D083,93C449D8414BF457,1915636738973803,05BBF3A63268B1FA
3D935C4FD340D083,05BBF3A63268B1FA,1915636762124689,890BEE25A70A48BE
3D935C4FD340D083,05BBF3A63268B1FA,1915636814797244,CF707F1BDCEBBFC3
402B49A3F2998819,638745329D50C7DE,381757969457960,09EAC004B0F3A9F9
402B49A3F2998819,9A51B63ACE6F9F17,381757946805561,515EB401B558CD85
402B49A3F2998819,AD4A824A4C5DB288,7584727711997,638745329D50C7DE
402B49A3F2998819,FEF2460E5C14F502,7584695409196,9A51B63ACE6F9F17
402B49A3F2998819,B9CD6593B9C7F0E7,3716490218135434,AD4A824A4C5DB288
402B49A3F2998819,B9CD6593B9C7F0E7,3716490181189928,FEF2460E5C14F502
402B49A3F2998819,B9CD6593B9C7F0E7,3716505429738721,2C0B64E11B746238
C40C003FA4C7D526,8BF755F6DA36445F,1638798824438,C40216A829987EDC
C40C003FA4C7D526,78E438CB198C91A9,1638773201565,CBB4769FDEBAF562
C40C003FA4C7D526,DA4262157F99A235,7585836738686,8BF755F6DA36445F
C40C003FA4C7D526,AB645B56A4EC6DE2,7585805842016,78E438CB198C91A9
C40C003FA4C7D526,AC7D7D8ABE246FBC,1910175184180360,DA4262157F99A235
C40C003FA4C7D526,AC7D7D8ABE246FBC,1910175146464446,AB645B56A4EC6DE2
C40C003FA4C7D526,AC7D7D8ABE246FBC,1910189500950326,0ADD3F8F2EF68059
CEA452E12444286E,633FADAEAEBCF3E2,3716132071523566,474A70747022E4F4
CEA452E12444286E,633FADAEAEBCF3E2,3716132024464710,E26A54D48A0D3E1F
CEA452E12444286E,633FADAEAEBCF3E2,3716142602916591,35F6D4029C314E11
CEA452E12444286E,474A70747022E4F4,3716329354087081,A393A5326605E285
CEA452E12444286E,E26A54D48A0D3E1F,3716329311405153,CB98679C811A9594
3D6B8BF8C10AE2A3,865AB4F7EDE7D9BD,381760483263877,0E60D8A9B8E20504
3D6B8BF8C10AE2A3,1F9EF8838CEEDFFC,381760420196539,12F91967B2AE5C29
3D6B8BF8C10AE2A3,D301A95CD21EA501,7587246241884,865AB4F7EDE7D9BD
3D6B8BF8C10AE2A3,E88320EE8BFD90E5,7587166726237,1F9EF8838CEEDFFC
3D6B8BF8C10AE2A3,DF4D98D5240DD463,1423937334737316,D301A95CD21EA501
3D6B8BF8C10AE2A3,DF4D98D5240DD463,1423937252119814,E88320EE8BFD90E5
3D6B8BF8C10AE2A3,DF4D98D5240DD463,1423951903228695,664141AD1662232B
7BF2CA75890B46CD,6C94B1CB00395136,381759031570702,3C0AF045265C7C1D
7BF2CA75890B46CD,1DD6C35CFBCF95EC,381759003141319,C0AF6D5601249AEA
7BF2CA75890B46CD,D682FC71AD67E955,3716311119624056,6C94B1CB00395136
7BF2CA75890B46CD,AAE8F81796015217,3716311087817792,1DD6C35CFBCF95EC
7BF2CA75890B46CD,EA62E22888183161,1910143318689892,D682FC71AD67E955
7BF2CA75890B46CD,EA62E22888183161,1910143272724215,AAE8F81796015217
7BF2CA75890B46CD,EA62E22888183161,1910159494533357,11BFFFED60905C14
C40C003FA4C7D526,FEEDAA02957AC12E,3716325515560694,70DDC031AE38FBE2
C40C003FA4C7D526,F5A208969CB2163C,3716325503299662,26D47213AD0029AB
C40C003FA4C7D526,D4D6896A9B10A99D,381773412164657,FEEDAA02957AC12E
C40C003FA4C7D526,F5F2F9A534E7C245,381773398126882,F5A208969CB2163C
C40C003FA4C7D526,AC7D7D8ABE246FBC,1910189524294248,D4D6896A9B10A99D
C40C003FA4C7D526,AC7D7D8ABE246FBC,1910189503393733,F5F2F9A534E7C245
C40C003FA4C7D526,AC7D7D8ABE246FBC,1910195055780498,2D3E8C9BD0265D6D
0CCF386745059FCE,B01DED709E8B6FE5,7592163226817,EB30E97782644242
0CCF386745059FCE,611BAFE05B582479,7592146837951,54421F2CB102E4D0
0CCF386745059FCE,7E0297A81FFE0473,3716330504771488,B01DED709E8B6FE5
0CCF386745059FCE,3694B65405862EE0,3716330483608450,611BAFE05B582479
0CCF386745059FCE,E85B220947DF4CB3,3715972642848397,7E0297A81FFE0473
0CCF386745059FCE,E85B220947DF4CB3,3715972618638848,3694B65405862EE0
0CCF386745059FCE,E85B220947DF4CB3,3715986432086244,AB87D5F26C71A124
3D935C4FD340D083,61A22BCA32BCA208,1650021280520,82ECD864ADA4EFF0
3D935C4FD340D083,AB4CA668733F428A,1650008468640,9AA1391DAFD8C0DE
3D935C4FD340D083,5498E5B8CF5596BC,7597059698519,61A22BCA32BCA208
3D935C4FD340D083,DE624592DE434693,7597043877161,AB4CA668733F428A
3D935C4FD340D083,05BBF3A63268B1FA,1915636869331247,5498E5B8CF5596BC
3D935C4FD340D083,05BBF3A63268B1FA,1915636819451692,DE624592DE434693
3D935C4FD340D083,05BBF3A63268B1FA,1915645912981542,8C9BDDE18873741B
CEA452E12444286E,0C77FFA47258F936,3716339911068648,4572BBDE2F714A58
CEA452E12444286E,A46F192E4952F557,3716339894234674,63EAC4CC8CE1F44D
CEA452E12444286E,633FADAEAEBCF3E2,3716142628459204,0C77FFA47258F936
CEA452E12444286E,633FADAEAEBCF3E2,3716142606074833,A46F192E4952F557
CEA452E12444286E,633FADAEAEBCF3E2,3716148363065049,B970D332F06F5BA9
3D6B8BF8C10AE2A3,0274E13F4F704481,3716340202334050,ED9183A163E7DAC9
3D6B8BF8C10AE2A3,EBA026DBFB1DAB8F,3716340178194668,842E97ADB38002A5
3D6B8BF8C10AE2A3,A3B439080ED4951B,1654813826743,0274E13F4F704481
3D6B8BF8C10AE2A3,300D6656B65606A7,1654788631877,EBA026DBFB1DAB8F
3D6B8BF8C10AE2A3,DF4D98D5240DD463,1423951940070769,A3B439080ED4951B
3D6B8BF8C10AE2A3,DF4D98D5240DD463,1423951909031289,300D6656B65606A7
3D6B8BF8C10AE2A3,DF4D98D5240DD463,1423960176711890,60A9798C3F25AFC2
A412F2CFFE5D0A9B,C04D76BC62AC2FE9,1639733987981,B58ADBF905168AD8
A412F2CFFE5D0A9B,532405A9A1EF4740,1639621982719,72E1981BFF22BF4E
A412F2CFFE5D0A9B,824CCCA81F087256,381759927478363,C04D76BC62AC2FE9
A412F2CFFE5D0A9B,FC171E7F38A0980E,381759857609163,532405A9A1EF4740
A412F2CFFE5D0A9B,3DE0C8CF57688CD2,3714008528335995,824CCCA81F087256
A412F2CFFE5D0A9B,3DE0C8CF57688CD2,3714008411657339,FC171E7F38A0980E
A412F2CFFE5D0A9B,3DE0C8CF57688CD2,3714033327983358,DE0D8FC3BDBD02A1
C40C003FA4C7D526,781DC13545DD431E,3716331100583086,0D820DE755B9A92B
C40C003FA4C7D526,92861E10E1191D95,3716331070102057,70F40991C5BB1962
C40C003FA4C7D526,AAC83E208F5DBF0E,1658718536380,781DC13545DD431E
C40C003FA4C7D526,EC1A6191E8667C22,1658682082335,92861E10E1191D95
C40C003FA4C7D526,AC7D7D8ABE246FBC,1910195105827214,AAC83E208F5DBF0E
C40C003FA4C7D526,AC7D7D8ABE246FBC,1910195063407505,EC1A6191E8667C22
C40C003FA4C7D526,AC7D7D8ABE246FBC,1910201160394053,FB307644E2FFF0AD
7BF2CA75890B46CD,F4B8ABC77F46432D,3716340351038229,7B875F640BC0DE3D
7BF2CA75890B46CD,2FFF216FD4FBF16A,3716340329408340,B83DEE7A6BD48488
7BF2CA75890B46CD,9B2CA047E7B900B6,381775237711392,F4B8ABC77F46432D
7BF2CA75890B46CD,64A40C55C6458665,381775209665107,2FFF216FD4FBF16A
7BF2CA75890B46CD,EA62E22888183161,1910159537922840,9B2CA047E7B900B6
7BF2CA75890B46CD,EA62E22888183161,1910159499625730,64A40C55C6458665
7BF2CA75890B46CD,EA62E22888183161,1910169371971677,A67C8A3B8F5274EE
CEA452E12444286E,7A97053AF1F0CCE3,381780583344262,90AC99B1FAFC656F
CEA452E12444286E,1F598E8F8D59FF5B,381780555392942,3E2C3E2B7A2C3247
CEA452E12444286E,633FADAEAEBCF3E2,3716148407340961,7A97053AF1F0CCE3
CEA452E12444286E,633FADAEAEBCF3E2,3716148365693262,1F598E8F8D59FF5B
CEA452E12444286E,633FADAEAEBCF3E2,3716153052368065,2F4336B20727B8DD
CEA452E12444286E,0000000000000000,0,5CA6FA8C6FE91291
402B49A3F2998819,266958065D4376FB,7599966057838,840695F50392A340
402B49A3F2998819,3BCB4E61937CA376,7599950307539,D9544FFA5824295B
402B49A3F2998819,E4114037F1047760,3716325298375902,266958065D4376FB
402B49A3F2998819,2ACB0D76A412A84C,3716325281826652,3BCB4E61937CA376
402B49A3F2998819,B9CD6593B9C7F0E7,3716505453297789,E4114037F1047760
402B49A3F2998819,B9CD6593B9C7F0E7,3716505433021074,2ACB0D76A412A84C
402B49A3F2998819,B9CD6593B9C7F0E7,3716517627436858,F12EC47832D45217
C40C003FA4C7D526,35BCFC94545F8425,3716337186993272,1302575BB1902295
C40C003FA4C7D526,9856944F5030E500,3716337167376505,33D5205F4BC1BC48
C40C003FA4C7D526,4FD2DE254443CC2E,3716350191320381,35BCFC94545F8425
C40C003FA4C7D526,38E3A771B3C65056,3716350168883145,9856944F5030E500
C40C003FA4C7D526,AC7D7D8ABE246FBC,1910201196074392,4FD2DE254443CC2E
C40C003FA4C7D526,AC7D7D8ABE246FBC,1910201165204646,38E3A771B3C65056
C40C003FA4C7D526,AC7D7D8ABE246FBC,1910205952458321,27E1A4D53E9D5967
0CCF386745059FCE,195364A102293B97,7605990967485,B5BBC5573B818D3B
0CCF386745059FCE,CE182B72562604D4,7605969821920,7E92909C5FBB31DE
0CCF386745059FCE,E0166051EE326108,3716344327519594,195364A102293B97
0CCF386745059FCE,BD24C56E9BE7903D,3716344300578527,CE182B72562604D4
0CCF386745059FCE,E85B220947DF4CB3,3715986460497984,E0166051EE326108
0CCF386745059FCE,E85B220947DF4CB3,3715986434181589,BD24C56E9BE7903D
0CCF386745059FCE,E85B220947DF4CB3,3715997641628487,AD1A5554FBF638B4
3D6B8BF8C10AE2A3,D5DFBD455EB4828A,7610141059118,9714E102A107ECE0
3D6B8BF8C10AE2A3,D8F2B8FA183B4F76,7610110997818,C83A81FAE0CC99B8
3D6B8BF8C10AE2A3,71DB92EF3083AD8E,1663089418415,D5DFBD455EB4828A
3D6B8BF8C10AE2A3,834F5627A6C3B5B9,1663063519239,D8F2B8FA183B4F76
3D6B8BF8C10AE2A3,DF4D98D5240DD463,1423960214634168,71DB92EF3083AD8E
3D6B8BF8C10AE2A3,DF4D98D5240DD463,1423960183378523,834F5627A6C3B5B9
3D6B8BF8C10AE2A3,DF4D98D5240DD463,1423967581929649,061B8A375C0D22DF
7BF2CA75890B46CD,E45F02C119769EC4,3716337224412597,E1C3AC03C2A9A9CC
7BF2CA75890B46CD,C4DBE2818E2E88E6,3716337194647374,34F5EBB58E07C777
7BF2CA75890B46CD,1E6E3DAA63BDB70B,7611872841050,E45F02C119769EC4
7BF2CA75890B46CD,6EBB0EB02CF0EFCF,7611846724471,C4DBE2818E2E88E6
7BF2CA75890B46CD,EA62E22888183161,1910169404272107,1E6E3DAA63BDB70B
7BF2CA75890B46CD,EA62E22888183161,1910169374964252,6EBB0EB02CF0EFCF
7BF2CA75890B46CD,EA62E22888183161,1910175246386669,98BDA1BE553BCC63
3D935C4FD340D083,FD8C528936885A84,7606142898386,5863A9CE12C00E2D
3D935C4FD340D083,28E1C3C20FE78021,7606129140406,498F441E9700373C
3D935C4FD340D083,EBEFED6763F723FD,381779373228475,FD8C528936885A84
3D935C4FD340D083,5E57B413D741B504,381779360652449,28E1C3C20FE78021
3D935C4FD340D083,05BBF3A63268B1FA,1915645947150224,EBEFED6763F723FD
3D935C4FD340D083,05BBF3A63268B1FA,1915645921277538,5E57B413D741B504
3D935C4FD340D083,05BBF3A63268B1FA,1915660100979909,D5235E93D4942D14
3D935C4FD340D083,0000000000000000,0,93C449D8414BF457
0CCF386745059FCE,6B3BB8822F735B31,3716355542476306,C549BC4727151A16
0CCF386745059FCE,434E603D62EDD9D0,3716355521216969,97E35663C244F787
0CCF386745059FCE,D03D571230201F0A,3716342534536486,6B3BB8822F735B31
0CCF386745059FCE,84FF8C4513F1E536,3716342510215898,434E603D62EDD9D0
0CCF386745059FCE,E85B220947DF4CB3,3715997679493308,D03D571230201F0A
0CCF386745059FCE,E85B220947DF4CB3,3715997644818685,84FF8C4513F1E536
0CCF386745059FCE,E85B220947DF4CB3,3716001921867081,E5377FE8DF26E1BD
402B49A3F2998819,D3749AE32CDC9BEB,3716350538782134,2410E51D907CC4EC
402B49A3F2998819,01075A4C73244F51,3716350498545898,F8FE8BC0D25E6C61
402B49A3F2998819,1109B1D3826F3428,381785407087054,D3749AE32CDC9BEB
402B49A3F2998819,7A3CEEF46EF0D569,381785385679572,01075A4C73244F51
402B49A3F2998819,B9CD6593B9C7F0E7,3716517661555022,1109B1D3826F3428
402B49A3F2998819,B9CD6593B9C7F0E7,3716517629399052,7A3CEEF46EF0D569
402B49A3F2998819,B9CD6593B9C7F0E7,3716530248057939,F01C2BAD401336CF
0CCF386745059FCE,20132823B82F15E6,3716359810963428,1B576A54D7B5E1D9
0CCF386745059FCE,89CD81516AB2C109,3716359792834143,150A726D8F5FED34
0CCF386745059FCE,C6FA6761013DC4BA,3716346803342248,20132823B82F15E6
0CCF386745059FCE,9E44CD8778888A37,3716346782015719,89CD81516AB2C109
0CCF386745059FCE,E85B220947DF4CB3,3716001948403097,C6FA6761013DC4BA
0CCF386745059FCE,E85B220947DF4CB3,3716001923841157,9E44CD8778888A37
0CCF386745059FCE,E85B220947DF4CB3,3716006846230882,D352C5ECE36F184E
C40C003FA4C7D526,195A1E2049837980,1669595801851,A2D00E9373E1A353
C40C003FA4C7D526,E30C80EBA11C2DAE,1669577861522,AE20C486119C2840
C40C003FA4C7D526,CB5F893A203CE25E,3716354974191286,195A1E2049837980
C40C003FA4C7D526,8613EA7F50817A61,3716354954837314,E30C80EBA11C2DAE
C40C003FA4C7D526,AC7D7D8ABE246FBC,1910205979016670,CB5F893A203CE25E
C40C003FA4C7D526,AC7D7D8ABE246FBC,1910205955548748,8613EA7F50817A61
C40C003FA4C7D526,AC7D7D8ABE246FBC,1910216712262237,F5B4247D2984ED97
3D6B8BF8C10AE2A3,8FED723C7449C0E0,381790784496128,19831BF53B131DD8
3D6B8BF8C10AE2A3,750033978D2CB479,381790756276407,DDB4169B591A5BB8
3D6B8BF8C10AE2A3,19831BF53B131DD8,3716355916662164,09D48233EFF20B2F
3D6B8BF8C10AE2A3,DDB4169B591A5BB8,3716355879300381,92299B944373A966
3D6B8BF8C10AE2A3,DF4D98D5240DD463,1423967636901164,8FED723C7449C0E0
3D6B8BF8C10AE2A3,DF4D98D5240DD463,1423967585186431,750033978D2CB479
3D6B8BF8C10AE2A3,DF4D98D5240DD463,1423977546683649,2BE8E9CD0FAE8F8B
0CCF386745059FCE,CFA2CB20D466DCD8,7626409160836,1F0401EFDE9CE28A
0CCF386745059FCE,A8348390CDA44768,7626378945850,642D7FF9763EAA27
0CCF386745059FCE,65800E873335D7F7,3716351743880860,CFA2CB20D466DCD8
0CCF386745059FCE,B8CD87AEDE95CE4F,3716351708025000,A8348390CDA44768
0CCF386745059FCE,E85B220947DF4CB3,3716006888137974,65800E873335D7F7
0CCF386745059FCE,E85B220947DF4CB3,3716006848868238,B8CD87AEDE95CE4F
0CCF386745059FCE,E85B220947DF4CB3,3716010795467183,BB2800213DA26D68
7BF2CA75890B46CD,D4D10BE8FAEFC3DE,381791018977103,BC6BED3EDE7FC6F8
7BF2CA75890B46CD,C38058A278C4033E,381790971417871,DEA75617DA3BEBDA
7BF2CA75890B46CD,AD70B707F7BFB388,1670741556865,D4D10BE8FAEFC3DE
7BF2CA75890B46CD,2BEAC770C0850532,1670676819130,C38058A278C4033E
7BF2CA75890B46CD,EA62E22888183161,1910175318061026,AD70B707F7BFB388
7BF2CA75890B46CD,EA62E22888183161,1910175248615990,2BEAC770C0850532
7BF2CA75890B46CD,EA62E22888183161,1910188850885860,C2DAFB9BB0DC471C
402B49A3F2998819,C414E12C8205F9DD,381798074241913,86D867E53024A408
402B49A3F2998819,33C960E5D9D6C4A3,381798034868516,DBDF03F35B86ACAF
402B49A3F2998819,F9A87262D5ED81A3,3716350160090693,C414E12C8205F9DD
402B49A3F2998819,CC1B63EABCAFAD30,3716350099866281,33C960E5D9D6C4A3
402B49A3F2998819,B9CD6593B9C7F0E7,3716530314840544,F9A87262D5ED81A3
402B49A3F2998819,B9CD6593B9C7F0E7,3716530250560861,CC1B63EABCAFAD30
402B49A3F2998819,B9CD6593B9C7F0E7,3716537571878489,8DCE1CC5B2357689
C40C003FA4C7D526,6FBCE994EE9D26BB,1680376807431,FE03739CD1C293B7
C40C003FA4C7D526,1229D896A535B3EB,1680333121427,E7C6DDC29FF34075
C40C003FA4C7D526,AC7D7D8ABE246FBC,1910216764847777,6FBCE994EE9D26BB
C40C003FA4C7D526,AC7D7D8ABE246FBC,1910216717568516,1229D896A535B3EB
C40C003FA4C7D526,FE03739CD1C293B7,7627419173060,F79D6CFBCAE771A8
C40C003FA4C7D526,E7C6DDC29FF34075,7627385477805,013AC2A56A319B31
C40C003FA4C7D526,AC7D7D8ABE246FBC,1910224709966153,5FB89DC6F3CE7DA3
A412F2CFFE5D0A9B,F9FF6514C895C3EB,381784789885043,3BB149A8E2249958
A412F2CFFE5D0A9B,1B4D568E95141904,381784764509518,F60A5E48020C872E
A412F2CFFE5D0A9B,D0152C451597E346,7611544625587,F9FF6514C895C3EB
A412F2CFFE5D0A9B,721F5D1E3A1D0F6E,7611506572175,1B4D568E95141904
A412F2CFFE5D0A9B,3DE0C8CF57688CD2,3714033380171199,D0152C451597E346
A412F2CFFE5D0A9B,3DE0C8CF57688CD2,3714033331181378,721F5D1E3A1D0F6E
A412F2CFFE5D0A9B,3DE0C8CF57688CD2,3714057680364411,B1D943E8A276CBC7
7BF2CA75890B46CD,D79E85C935D6E51B,3716356754193280,1CC0812500542355
7BF2CA75890B46CD,20C968D5A29B13D5,3716356691412077,C8C8BEB66F8FE465
7BF2CA75890B46CD,8D4FA31C4E3D3DE2,381804644925709,D79E85C935D6E51B
7BF2CA75890B46CD,0A85535F8455F6F0,381804573741527,20C968D5A29B13D5
7BF2CA75890B46CD,EA62E22888183161,1910188943582627,8D4FA31C4E3D3DE2
7BF2CA75890B46CD,EA62E22888183161,1910188854552219,0A85535F8455F6F0
7BF2CA75890B46CD,EA62E22888183161,1910194451487262,39EE659E0B22A915
3D6B8BF8C10AE2A3,2EA95D3C631F40CA,3716352900592747,4A0BAE5DD619BF73
3D6B8BF8C10AE2A3,CA154A77CC1975E9,3716352837098620,451531FC0236FBE6
3D6B8BF8C10AE2A3,760A2F0639489B93,381800750570234,2EA95D3C631F40CA
3D6B8BF8C10AE2A3,D223D682C4E5DA37,381800716964623,CA154A77CC1975E9
3D6B8BF8C10AE2A3,DF4D98D5240DD463,1423977600174969,760A2F0639489B93
3D6B8BF8C10AE2A3,DF4D98D5240DD463,1423977550272719,D223D682C4E5DA37
3D6B8BF8C10AE2A3,DF4D98D5240DD463,1423987059965160,34567BF140EB5A4D
0CCF386745059FCE,8D39481D5EDC81AF,381803809637497,44772724192EAB3E
0CCF386745059FCE,6B0A701E230E9B9D,381803799275372,2327BA8046C84ADC
0CCF386745059FCE,8DC57C36368C9D99,3716355908132296,8D39481D5EDC81AF
0CCF386745059FCE,34D5A324B13DAF59,3716355656423028,6B0A701E230E9B9D
0CCF386745059FCE,E85B220947DF4CB3,3716011053021528,8DC57C36368C9D99
0CCF386745059FCE,E85B220947DF4CB3,3716010797702104,34D5A324B13DAF59
0CCF386745059FCE,E85B220947DF4CB3,3716019225021734,AB9C497D11A21EF8
C40C003FA4C7D526,DEA0E643570372A4,1688384797535,4ACDA5F2CCF1EC12
C40C003FA4C7D526,CC29EF08CD5A55CA,1688348898708,5E81D780D33C13F0
C40C003FA4C7D526,A10D6F222129013F,7635423343350,DEA0E643570372A4
C40C003FA4C7D526,75AB7EB4BF5ADBEB,7635385415180,CC29EF08CD5A55CA
C40C003FA4C7D526,AC7D7D8ABE246FBC,1910224771171431,A10D6F222129013F
C40C003FA4C7D526,AC7D7D8ABE246FBC,1910224729797403,75AB7EB4BF5ADBEB
C40C003FA4C7D526,AC7D7D8ABE246FBC,1910229342513181,D874F694339DFB8E
402B49A3F2998819,82784B5E6FB4E137,3716370473627764,E54244F4E423CF5D
402B49A3F2998819,A487046B9A210193,3716370463878491,25550CB6AC177361
402B49A3F2998819,5129AE654DA63760,7632128915064,82784B5E6FB4E137
402B49A3F2998819,B4438986C43C8627,7632087698092,A487046B9A210193
402B49A3F2998819,B9CD6593B9C7F0E7,3716537618732580,5129AE654DA63760
402B49A3F2998819,B9CD6593B9C7F0E7,3716537573905772,B4438986C43C8627
402B49A3F2998819,B9CD6593B9C7F0E7,3716546803012085,C6ED8B14CB74AD7D
7BF2CA75890B46CD,9901830EC1FF7992,3716362270020862,56E6640980B73103
7BF2CA75890B46CD,59764C69128113AB,3716362261849976,32975C7A4416675B
7BF2CA75890B46CD,FE08B43843B79364,3716375274694718,9901830EC1FF7992
7BF2CA75890B46CD,457C5C255776A3C6,3716375264721504,59764C69128113AB
7BF2CA75890B46CD,EA62E22888183161,1910194468134067,FE08B43843B79364
7BF2CA75890B46CD,EA62E22888183161,1910194453639679,457C5C255776A3C6
7BF2CA75890B46CD,EA62E22888183161,1910199049374419,5DE95434F0293207
7BF2CA75890B46CD,84A090180D654369,3716379885944783,15215A36681F4C0B
7BF2CA75890B46CD,C4CA2D4259488B8D,3716379868949376,3D574D775F7752E5
7BF2CA75890B46CD,1749C870E66E8A94,1694500220560,84A090180D654369
7BF2CA75890B46CD,FDD056FBE97A580B,1694480758851,C4CA2D4259488B8D
7BF2CA75890B46CD,EA62E22888183161,1910199076711203,1749C870E66E8A94
7BF2CA75890B46CD,EA62E22888183161,1910199052387291,FDD056FBE97A580B
7BF2CA75890B46CD,EA62E22888183161,1910200750998416,DADFC1399F67C7E4
3D6B8BF8C10AE2A3,D58A73DE6A4DC47F,1689971249413,50A39F11029CB5DA
3D6B8BF8C10AE2A3,93D7586A57AB69DD,1689944000896,FFF52C3B4EB4E513
3D6B8BF8C10AE2A3,50A39F11029CB5DA,7637017208003,0B5EA99980B61092
3D6B8BF8C10AE2A3,FFF52C3B4EB4E513,7636990947532,A2BF7161EAB921AD
3D6B8BF8C10AE2A3,DF4D98D5240DD463,1423987098167676,D58A73DE6A4DC47F
3D6B8BF8C10AE2A3,DF4D98D5240DD463,1423987066975898,93D7586A57AB69DD
3D6B8BF8C10AE2A3,DF4D98D5240DD463,1423995628333151,3E6D60AA999B2D8D
7BF2CA75890B46CD,2EA1A318F0725AB5,3716381579483436,DA7FB4C94391C351
7BF2CA75890B46CD,4422F38875925E1B,3716381565152256,B8FA3CAE3D53AD6A
7BF2CA75890B46CD,EABB60BDC78B215B,7643234085426,2EA1A318F0725AB5
7BF2CA75890B46CD,34A4AF5689856F0B,7643219338155,4422F38875925E1B
7BF2CA75890B46CD,EA62E22888183161,1910200768446628,EABB60BDC78B215B
7BF2CA75890B46CD,EA62E22888183161,1910200752824534,34A4AF5689856F0B
7BF2CA75890B46CD,EA62E22888183161,1910205209046518,3F3297ADA7339DC3
7BF2CA75890B46CD,0000000000000000,0,9FDAB87DE30EAA25
0CCF386745059FCE,7BA2131D3D18FA31,3716365011496488,0FB8A4EF99D29C06
0CCF386745059FCE,F595B785A58C4E2A,3716364092268101,EA20D21A0D32F6D3
0CCF386745059FCE,2A89DC0914A52971,381812882007972,7BA2131D3D18FA31
0CCF386745059FCE,82BB2631C5629105,381811988430839,F595B785A58C4E2A
0CCF386745059FCE,E85B220947DF4CB3,3716020125968841,2A89DC0914A52971
0CCF386745059FCE,E85B220947DF4CB3,3716019226881293,82BB2631C5629105
0CCF386745059FCE,E85B220947DF4CB3,3716029206771075,8574D94A273719EB
402B49A3F2998819,6FCE607BF6E01D37,1694318941247,D2DC266EA5FF43D0
402B49A3F2998819,31A752DD35F7B011,1694287581082,2F2114AC88625B7D
402B49A3F2998819,A606C62ACE0778D1,3716366691458233,6FCE607BF6E01D37
402B49A3F2998819,F17085DE512C490E,3716366654633256,31A752DD35F7B011
402B49A3F2998819,B9CD6593B9C7F0E7,3716546840860355,A606C62ACE0778D1
402B49A3F2998819,B9CD6593B9C7F0E7,3716546805253236,F17085DE512C490E
402B49A3F2998819,B9CD6593B9C7F0E7,3716554518711266,B0C981BA81FEA82C
A412F2CFFE5D0A9B,9830C527DE4A3A50,7635931810428,44D508732E1E8808
A412F2CFFE5D0A9B,4C6134D993984A7F,7635879092943,15B45811BC0CDD84
A412F2CFFE5D0A9B,3749B9C42C3F169F,3716374273313070,9830C527DE4A3A50
A412F2CFFE5D0A9B,48C5EAEEC997CA63,3716374217269407,4C6134D993984A7F
A412F2CFFE5D0A9B,3DE0C8CF57688CD2,3714057767795182,3749B9C42C3F169F
A412F2CFFE5D0A9B,3DE0C8CF57688CD2,3714057684295088,48C5EAEEC997CA63
A412F2CFFE5D0A9B,3DE0C8CF57688CD2,3714072843506130,01DAEE40F923CBE8
A412F2CFFE5D0A9B,0000000000000000,0,BF292BA3ACB76F1A
3D6B8BF8C10AE2A3,99D34655873432F7,3716383923417115,BF4726C26479EED7
3D6B8BF8C10AE2A3,EEDE10959E394997,3716383902748583,9B1E94C5EFA1D1E6
3D6B8BF8C10AE2A3,375C414417141B9E,7645579466968,99D34655873432F7
3D6B8BF8C10AE2A3,DAE2B8392CE27C01,7645548297813,EEDE10959E394997
3D6B8BF8C10AE2A3,DF4D98D5240DD463,1423995667951441,375C414417141B9E
3D6B8BF8C10AE2A3,DF4D98D5240DD463,1423995633160502,DAE2B8392CE27C01
3D6B8BF8C10AE2A3,DF4D98D5240DD463,1424002054238406,697578E589827FB9
C40C003FA4C7D526,9AE6A792DF7EB432,3716378388060716,0E0F7DD47C26E9B6
C40C003FA4C7D526,FDF06E8587DA9BAF,3716378363363469,F558C1C5D9821359
C40C003FA4C7D526,6F8AC5CB9604CD91,381813274906456,9AE6A792DF7EB432
C40C003FA4C7D526,B75B8BC977FCB926,381813247317899,FDF06E8587DA9BAF
C40C003FA4C7D526,AC7D7D8ABE246FBC,1910229386543743,6F8AC5CB9604CD91
C40C003FA4C7D526,AC7D7D8ABE246FBC,1910229347942559,B75B8BC977FCB926
C40C003FA4C7D526,AC7D7D8ABE246FBC,1910242562238982,90EC9175FEDEB644
3D6B8BF8C10AE2A3,4E48E3481D045937,1704945676686,368C64DEE2DB7BE1
3D6B8BF8C10AE2A3,D2F6F74EE577458F,1704938240519,D153961B3227F361
3D6B8BF8C10AE2A3,0E5ABEF7680EC7F1,3716390327483956,4E48E3481D045937
3D6B8BF8C10AE2A3,2DA3F3E51D286BD4,3716390316635021,D2F6F74EE577458F
3D6B8BF8C10AE2A3,DF4D98D5240DD463,1424002073071425,0E5ABEF7680EC7F1
3D6B8BF8C10AE2A3,DF4D98D5240DD463,1424002057054439,2DA3F3E51D286BD4
3D6B8BF8C10AE2A3,DF4D98D5240DD463,1424004542920617,9ABD6C6AA4C8F6BC
0CCF386745059FCE,BBD93EA388E9EA7A,7648756737363,48FEC941B469C683
0CCF386745059FCE,954EE64860BC1FE7,7648743448374,ADD651AB93BC3322
0CCF386745059FCE,6BE475507D0F12E2,381821988557482,BBD93EA388E9EA7A
0CCF386745059FCE,A9AA98D077ACD1E7,381821972972379,954EE64860BC1FE7
0CCF386745059FCE,E85B220947DF4CB3,3716029232019669,6BE475507D0F12E2
0CCF386745059FCE,E85B220947DF4CB3,3716029208627755,A9AA98D077ACD1E7
0CCF386745059FCE,E85B220947DF4CB3,3716037506149190,D0B9425E9CE08310
0CCF386745059FCE,9534D4AD5C47A7B4,7657043464461,268C523EA3724696
0CCF386745059FCE,4A11A0746BFE4C16,7657035583855,EF49C65EDD038233
C40C003FA4C7D526,6B344F6839C0E31C,3716378579713065,A61C8161A5C0965D
C40C003FA4C7D526,B426B58E0434D562,3716378569442973,097CCB8083687143
C40C003FA4C7D526,7263A60D31A37F7C,381826475955394,6B344F6839C0E31C
C40C003FA4C7D526,B1890A4F79B6B7B3,381826464649059,B426B58E0434D562
C40C003FA4C7D526,AC7D7D8ABE246FBC,1910242587415592,7263A60D31A37F7C
C40C003FA4C7D526,AC7D7D8ABE246FBC,1910242566372447,B1890A4F79B6B7B3
C40C003FA4C7D526,AC7D7D8ABE246FBC,1910248264125303,BEFAD8B63DAFCCD5
0CCF386745059FCE,48B95FA7F544960F,3716395385347974,9534D4AD5C47A7B4
0CCF386745059FCE,4F1C34D4ABF81491,3716395374670832,4A11A0746BFE4C16
0CCF386745059FCE,E85B220947DF4CB3,3716037523534601,48B95FA7F544960F
0CCF386745059FCE,E85B220947DF4CB3,3716037507942702,4F1C34D4ABF81491
0CCF386745059FCE,E85B220947DF4CB3,3716039525488006,2526D8395CF81B69
3D6B8BF8C10AE2A3,820864F4BECA5473,1707449246498,14A36C86BCEB844F
3D6B8BF8C10AE2A3,E03FCA8D2291CC92,1707438722536,8F67BA86FC399299
3D6B8BF8C10AE2A3,7264DA1DFD5009D7,381827722577401,820864F4BECA5473
3D6B8BF8C10AE2A3,06136E89B8BCB824,381827697845598,E03FCA8D2291CC92
3D6B8BF8C10AE2A3,DF4D98D5240DD463,1424004574683523,7264DA1DFD5009D7
3D6B8BF8C10AE2A3,DF4D98D5240DD463,1424004544956868,06136E89B8BCB824
3D6B8BF8C10AE2A3,DF4D98D5240DD463,1424011002987162,8AAD0D7213780617
C40C003FA4C7D526,1C2E693BBEF8E444,3716397395423893,FA3693838A55EA0B
C40C003FA4C7D526,2A2485BADE2D99D0,3716397273831520,287C42994EB1B998
C40C003FA4C7D526,C411975A9E28E9DD,381832281468010,1C2E693BBEF8E444
C40C003FA4C7D526,A4251861EBFF9539,381832162362902,2A2485BADE2D99D0
C40C003FA4C7D526,AC7D7D8ABE246FBC,1910248392825737,C411975A9E28E9DD
C40C003FA4C7D526,AC7D7D8ABE246FBC,1910248266703152,A4251861EBFF9539
C40C003FA4C7D526,AC7D7D8ABE246FBC,1910256335519882,41F2F176C0A8C99C
C40C003FA4C7D526,0000000000000000,0,E1CCAD354B9F8DCD
3D6B8BF8C10AE2A3,6960C174F23DA875,3716399369048789,4A83B08E97DC9400
3D6B8BF8C10AE2A3,7B892CB5401FC9A6,3716399300263353,17271EC349748089
3D6B8BF8C10AE2A3,BEE67E65E2182CC9,1713974799058,6960C174F23DA875
3D6B8BF8C10AE2A3,0B000C5EDBD72AB0,1713894925536,7B892CB5401FC9A6
3D6B8BF8C10AE2A3,DF4D98D5240DD463,1424011103019369,BEE67E65E2182CC9
3D6B8BF8C10AE2A3,DF4D98D5240DD463,1424011019686166,0B000C5EDBD72AB0
3D6B8BF8C10AE2A3,DF4D98D5240DD463,1424017301498282,292B56473ECD6707
402B49A3F2998819,C70649890F49DA06,381822309791734,070ADA5F1FFEF61C
402B49A3F2998819,08FA861EE584A71F,381822281305462,CE8CD7CDE642628E
402B49A3F2998819,0CADB2E28A020FDB,3716387411406146,C70649890F49DA06
402B49A3F2998819,B40AE773E3028F9E,3716387378097260,08FA861EE584A71F
402B49A3F2998819,B9CD6593B9C7F0E7,3716554559328087,0CADB2E28A020FDB
402B49A3F2998819,B9CD6593B9C7F0E7,3716554520572871,B40AE773E3028F9E
402B49A3F2998819,B9CD6593B9C7F0E7,3716572858399678,525B7C0D4F87B6C2
0CCF386745059FCE,9667B52EFE0CE904,3716384458866607,D338281D82797462
0CCF386745059FCE,E2A902985BB66C49,3716384408208910,85E13993B41AEE14
0CCF386745059FCE,8A31407C10C2F400,7659102059472,9667B52EFE0CE904
0CCF386745059FCE,BD725CF12407CC9B,7659060513668,E2A902985BB66C49
0CCF386745059FCE,E85B220947DF4CB3,3716039582315714,8A31407C10C2F400
0CCF386745059FCE,E85B220947DF4CB3,3716039528032740,BD725CF12407CC9B
0CCF386745059FCE,E85B220947DF4CB3,3716048739828234,996F8BD747B8533A
0CCF386745059FCE,0000000000000000,0,3B731127AF7BC55A
3D6B8BF8C10AE2A3,834AD734369FB613,3716392591816845,0CB53D69065B4C41
3D6B8BF8C10AE2A3,D277160612ABAFB0,3716392565787538,6684B2A3A43CACAE
3D6B8BF8C10AE2A3,F79D4A1B4BE17C9E,7667252601862,834AD734369FB613
3D6B8BF8C10AE2A3,DF4837622DD9E12D,7667223656806,D277160612ABAFB0
3D6B8BF8C10AE2A3,DF4D98D5240DD463,1424017340755615,F79D4A1B4BE17C9E
3D6B8BF8C10AE2A3,DF4D98D5240DD463,1424017306724948,DF4837622DD9E12D
3D6B8BF8C10AE2A3,DF4D98D5240DD463,1424021405240842,46594B90CEF6B887
402B49A3F2998819,426DAFCDC32C5954,3716392744955397,86610D081F957A93
402B49A3F2998819,81ADA379C99A7A12,3716392723342691,C6D9857A98986D67
402B49A3F2998819,3C57E4BAA2C721B0,381840636426283,426DAFCDC32C5954
402B49A3F2998819,A8E5CDB701A6438D,381840617086767,81ADA379C99A7A12
402B49A3F2998819,B9CD6593B9C7F0E7,3716572889568739,3C57E4BAA2C721B0
402B49A3F2998819,B9CD6593B9C7F0E7,3716572860902593,A8E5CDB701A6438D
402B49A3F2998819,B9CD6593B9C7F0E7,3716578245048395,43F2977F3DA14170
402B49A3F2998819,8E50657D98AF98A6,1725743202012,F361CCFD2ADFCFCF
402B49A3F2998819,84F36F0D8D0F3C6A,1725730243981,6DCFEFCAA18412A1
402B49A3F2998819,6F0EA19A81D0C420,381846014594584,8E50657D98AF98A6
402B49A3F2998819,59CB6A46E85B17A6,381846001191271,84F36F0D8D0F3C6A
402B49A3F2998819,B9CD6593B9C7F0E7,3716578268657835,6F0EA19A81D0C420
402B49A3F2998819,B9CD6593B9C7F0E7,3716578246854799,59CB6A46E85B17A6
402B49A3F2998819,B9CD6593B9C7F0E7,3716582618998269,696D8E8C8E7392F8
3D6B8BF8C10AE2A3,9251656F9CEA8C91,1724410485455,17754B7B7FBCD17B
3D6B8BF8C10AE2A3,FC190E2AF8D49259,1724306411779,3B05C2F7312CDFF4
3D6B8BF8C10AE2A3,B0CBE77B548232F5,3716409748842186,9251656F9CEA8C91
3D6B8BF8C10AE2A3,7801E57463EBDB45,3716409666069658,FC190E2AF8D49259
3D6B8BF8C10AE2A3,DF4D98D5240DD463,1424021494513682,B0CBE77B548232F5
3D6B8BF8C10AE2A3,DF4D98D5240DD463,1424021407560806,7801E57463EBDB45
3D6B8BF8C10AE2A3,DF4D98D5240DD463,1424027358736663,D24FE6D00797B097
3D6B8BF8C10AE2A3,0000000000000000,0,488ECC93A1620DBB
402B49A3F2998819,7D27A85DAEBB1592,381850393835139,556246C1A8669F76
402B49A3F2998819,7F72F5D38AC0CE56,381850381810379,E495D6E3E79CD8E4
402B49A3F2998819,EC84E5B70C7D113A,1730113712837,7D27A85DAEBB1592
402B49A3F2998819,8879718A304D0D3C,1730094814019,7F72F5D38AC0CE56
402B49A3F2998819,B9CD6593B9C7F0E7,3716582644095088,EC84E5B70C7D113A
402B49A3F2998819,B9CD6593B9C7F0E7,3716582620852199,8879718A304D0D3C
402B49A3F2998819,B9CD6593B9C7F0E7,3716586287007173,FDF2795C8BD0CEC4
402B49A3F2998819,6D3298501C1AF272,3716406151246095,3786CC52B76BD06F
402B49A3F2998819,EDF3C0D2A860C42F,3716406141439308,A45B9B5BF2ADD64C
402B49A3F2998819,D5F5143C1387D635,7680814432036,6D3298501C1AF272
402B49A3F2998819,56F55CAFC565FCC8,7680801268948,EDF3C0D2A860C42F
402B49A3F2998819,B9CD6593B9C7F0E7,3716586304893348,D5F5143C1387D635
402B49A3F2998819,B9CD6593B9C7F0E7,3716586288772750,56F55CAFC565FCC8
402B49A3F2998819,B9CD6593B9C7F0E7,3716588068085111,201B20B63FDFDCB6
402B49A3F2998819,0000000000000000,0,5984310709C29649
